-- phpMyAdmin SQL Dump
-- version 4.5.4.1deb2ubuntu2
-- http://www.phpmyadmin.net
--
-- Host: localhost
-- Generation Time: 02-Out-2018 às 11:35
-- Versão do servidor: 5.7.23-0ubuntu0.16.04.1
-- PHP Version: 7.0.30-0ubuntu0.16.04.1

SET SQL_MODE = "NO_AUTO_VALUE_ON_ZERO";
SET time_zone = "+00:00";


/*!40101 SET @OLD_CHARACTER_SET_CLIENT=@@CHARACTER_SET_CLIENT */;
/*!40101 SET @OLD_CHARACTER_SET_RESULTS=@@CHARACTER_SET_RESULTS */;
/*!40101 SET @OLD_COLLATION_CONNECTION=@@COLLATION_CONNECTION */;
/*!40101 SET NAMES utf8mb4 */;

--
-- Database: `db_leilao`
--

-- --------------------------------------------------------

--
-- Estrutura da tabela `cad_avaliacoes`
--

CREATE TABLE `cad_avaliacoes` (
  `id_avalicao` int(11) NOT NULL,
  `fk_cliente` int(11) NOT NULL,
  `fk_leiloeiro` int(11) NOT NULL,
  `fk_leilao` int(11) NOT NULL,
  `avaliacao` int(11) DEFAULT '1'
) ENGINE=InnoDB DEFAULT CHARSET=utf8;

--
-- Extraindo dados da tabela `cad_avaliacoes`
--

INSERT INTO `cad_avaliacoes` (`id_avalicao`, `fk_cliente`, `fk_leiloeiro`, `fk_leilao`, `avaliacao`) VALUES
(1, 2, 1, 14, 5),
(2, 5, 1, 35, 5),
(3, 5, 1, 39, 5),
(4, 2, 1, 1, 5),
(5, 17, 1, 42, 5),
(6, 5, 1, 24, 1),
(7, 17, 1, 41, 5),
(8, 7, 1, 56, 5),
(9, 17, 1, 53, 5);

-- --------------------------------------------------------

--
-- Estrutura da tabela `cad_categorias`
--

CREATE TABLE `cad_categorias` (
  `id_categoria` int(11) NOT NULL,
  `fk_categoria_pai` int(11) DEFAULT NULL,
  `nome_categoria` varchar(255) NOT NULL,
  `ativa` tinyint(1) NOT NULL DEFAULT '1'
) ENGINE=InnoDB DEFAULT CHARSET=utf8;

--
-- Extraindo dados da tabela `cad_categorias`
--

INSERT INTO `cad_categorias` (`id_categoria`, `fk_categoria_pai`, `nome_categoria`, `ativa`) VALUES
(1, NULL, 'Eletrônicos', 1),
(2, 1, 'Games', 1),
(3, 1, 'Computadores', 1),
(4, 1, 'Eletrodomésticos', 1),
(5, 1, 'Celular', 1),
(6, 1, 'Tablet', 1),
(7, NULL, 'Livros', 1),
(8, NULL, 'Carro', 1),
(9, 8, 'Acessórios', 1),
(10, NULL, 'Roupas', 1),
(11, NULL, 'Casa', 1),
(12, NULL, 'Perfumes', 1);

-- --------------------------------------------------------

--
-- Estrutura da tabela `cad_compra_pacotes`
--

CREATE TABLE `cad_compra_pacotes` (
  `id` int(11) NOT NULL,
  `title` text,
  `quantity` int(11) DEFAULT NULL,
  `currency_id` varchar(3) DEFAULT NULL,
  `unit_price` double DEFAULT NULL,
  `date_buy` timestamp NOT NULL DEFAULT CURRENT_TIMESTAMP,
  `fk_pacote` int(11) DEFAULT NULL,
  `fk_usuario` int(11) DEFAULT NULL,
  `quantidade_ingresso` int(11) DEFAULT NULL,
  `link_compra` text,
  `id_consulta_preference` text,
  `topic` text,
  `finalizado` tinyint(1) DEFAULT '0'
) ENGINE=InnoDB DEFAULT CHARSET=utf8;

-- --------------------------------------------------------

--
-- Estrutura da tabela `cad_compra_recompensa`
--

CREATE TABLE `cad_compra_recompensa` (
  `id_compra_recompensa` int(11) NOT NULL,
  `fk_produto` int(11) DEFAULT NULL,
  `fk_usuario` int(11) DEFAULT NULL,
  `data_compra` timestamp NOT NULL DEFAULT CURRENT_TIMESTAMP,
  `entregue` tinyint(1) DEFAULT '0',
  `data_entrega` timestamp NOT NULL DEFAULT '0000-00-00 00:00:00'
) ENGINE=InnoDB DEFAULT CHARSET=utf8;

-- --------------------------------------------------------

--
-- Estrutura da tabela `cad_creditos`
--

CREATE TABLE `cad_creditos` (
  `id_creditos` int(11) NOT NULL,
  `fk_usuario` int(11) DEFAULT NULL,
  `creditos` int(11) DEFAULT NULL
) ENGINE=InnoDB DEFAULT CHARSET=utf8;

--
-- Extraindo dados da tabela `cad_creditos`
--

INSERT INTO `cad_creditos` (`id_creditos`, `fk_usuario`, `creditos`) VALUES
(1, 1, 0),
(2, 2, 0),
(3, 3, 0),
(4, 4, 0),
(5, 5, 0),
(6, 6, 0),
(7, 7, 0),
(8, 8, 0),
(9, 9, 0),
(10, 10, 0),
(11, 11, 0),
(12, 12, 0),
(13, 13, 0),
(14, 14, 0),
(15, 15, 0),
(16, 16, 0),
(17, 17, 0),
(18, 18, 0),
(19, 19, 0),
(20, 20, 0),
(21, 21, 0);

-- --------------------------------------------------------

--
-- Estrutura da tabela `cad_detalhes_views`
--

CREATE TABLE `cad_detalhes_views` (
  `id_detalhes_views` int(11) NOT NULL,
  `nome_view` text,
  `nome_campo` text,
  `tipo_campo` text,
  `descricao_campo` text,
  `visivel` tinyint(1) DEFAULT '1'
) ENGINE=InnoDB DEFAULT CHARSET=utf8;

--
-- Extraindo dados da tabela `cad_detalhes_views`
--

INSERT INTO `cad_detalhes_views` (`id_detalhes_views`, `nome_view`, `nome_campo`, `tipo_campo`, `descricao_campo`, `visivel`) VALUES
(1, 'view_relatorio_acessos', 'id', 'int', 'ID', 1),
(2, 'view_relatorio_acessos', 'usuario', 'text', 'Nome Usuário', 1),
(3, 'view_relatorio_acessos', 'data_acesso_formatado', 'timestamp', 'Data Acesso', 1),
(4, 'view_relatorio_acessos', 'ip', 'text', 'IP', 1),
(5, 'view_relatorio_acessos', 'maquina', 'text', 'Maquina / Navegador', 1),
(6, 'view_relatorio_acessos', 'acessou', 'text', 'Login / Logoff', 1),
(7, 'view_relatorio_acessos', 'id_usuario', 'int', 'Nome Usuário', 0),
(8, 'view_relatorio_acessos', 'data_acesso', 'timestamp', 'Data Acesso', 0),
(9, 'view_relatorio_acessos', 'acesso', 'int', 'Login / Logoff', 0),
(10, 'view_relatorio_navegacao', 'id', 'int', 'ID', 1),
(11, 'view_relatorio_navegacao', 'nome_usuario', 'text', 'Nome Usuário', 1),
(12, 'view_relatorio_navegacao', 'data_log_formatado', 'timestamp', 'Data Acesso', 1),
(13, 'view_relatorio_navegacao', 'com_permissao', 'timestamp', 'Tem acesso?', 1),
(14, 'view_relatorio_navegacao', 'descricao_aplicacao', 'text', 'Aplicação', 1),
(15, 'view_relatorio_navegacao', 'parametros', 'text', 'Parametros Usados', 1),
(16, 'view_relatorio_navegacao', 'fk_usuario', 'int', 'Nome Usuário', 0),
(17, 'view_relatorio_navegacao', 'data_log', 'timestamp', 'Data Acesso', 0),
(18, 'view_relatorio_navegacao', 'permissao', 'tinyint', 'Tem acesso?', 0),
(19, 'view_relatorio_navegacao', 'fk_aplicacao', 'int', 'Aplicação', 0),
(20, 'view_relatorio_edicoes', 'id', 'int', 'ID', 1),
(21, 'view_relatorio_edicoes', 'nome_usuario', 'text', 'Nome Usuário', 1),
(22, 'view_relatorio_edicoes', 'data_log_formatado', 'timestamp', 'Data Edição', 1),
(23, 'view_relatorio_edicoes', 'original_edicao', 'text', 'Valor Original', 1),
(24, 'view_relatorio_edicoes', 'novo_edicao', 'text', 'Novo Valor', 1),
(25, 'view_relatorio_edicoes', 'descricao_aplicacao', 'text', 'Titulo Aplicação', 1),
(26, 'view_relatorio_edicoes', 'id_edicao', 'int', 'Filtro Edição', 1),
(27, 'view_relatorio_edicoes', 'campo', 'text', 'Campo', 1),
(28, 'view_relatorio_edicoes', 'fk_usuario', 'int', 'Nome Usuário', 0),
(29, 'view_relatorio_edicoes', 'data_log', 'timestamp', 'Data Edição', 0),
(30, 'view_relatorio_edicoes', 'fk_aplicacao', 'int', 'Titulo Aplicação', 0),
(31, 'view_lista_grupos', 'id', 'int', 'ID', 1),
(32, 'view_lista_grupos', 'nome_grupo', 'text', 'Nome Grupo', 1),
(33, 'view_lista_grupos', 'descricao_grupo', 'text', 'Descrição Grupo', 1),
(34, 'view_lista_grupos', 'nome_usuario', 'text', 'Criado por', 1),
(35, 'view_lista_grupos', 'criacao_grupo_formatado', 'timestamp', 'Criado Em', 1),
(36, 'view_lista_grupos', 'usuarios_ativos', 'int', 'Usuários Ativos', 1),
(37, 'view_lista_grupos', 'ativo', 'tinyint', 'Status Grupo', 1),
(38, 'view_lista_grupos', 'usuario', 'int', 'Criado por', 0),
(39, 'view_lista_grupos', 'ativo_grupo', 'tinyint', 'Status Grupo', 0),
(40, 'view_lista_grupos', 'criacao_grupo', 'timestamp', 'Criado Em', 0),
(41, 'view_lista_usuarios', 'id', 'int', 'ID', 1),
(42, 'view_lista_usuarios', 'nome_usuario', 'text', 'Usuário', 1),
(43, 'view_lista_usuarios', 'email_usuario', 'text', 'E-mail', 1),
(44, 'view_lista_usuarios', 'telefone_usuario', 'text', 'Telefone', 1),
(45, 'view_lista_usuarios', 'login_usuario', 'text', 'Login', 1),
(46, 'view_lista_usuarios', 'ativo', 'text', 'Status Usuário', 1),
(47, 'view_lista_usuarios', 'nome_grupo', 'text', 'Grupo', 1),
(48, 'view_lista_usuarios', 'usuario_criou', 'text', 'Criado por', 1),
(49, 'view_lista_usuarios', 'criacao_usuario_formatado', 'timestamp', 'Criado em', 1),
(50, 'view_lista_usuarios', 'ativo_usuario', 'tinyint', 'Status Usuário', 0),
(51, 'view_lista_usuarios', 'fk_grupo_usuario', 'int', 'Grupo', 0),
(52, 'view_lista_usuarios', 'usuario', 'int', 'Criado por', 0),
(53, 'view_lista_usuarios', 'criacao_usuario', 'timestamp', 'Criado em', 0);

-- --------------------------------------------------------

--
-- Estrutura da tabela `cad_favoritos`
--

CREATE TABLE `cad_favoritos` (
  `fk_leilao` int(11) NOT NULL,
  `fk_usuario` int(11) NOT NULL
) ENGINE=InnoDB DEFAULT CHARSET=utf8;

--
-- Extraindo dados da tabela `cad_favoritos`
--

INSERT INTO `cad_favoritos` (`fk_leilao`, `fk_usuario`) VALUES
(1, 2),
(21, 3),
(47, 3),
(24, 5),
(28, 5),
(39, 5),
(43, 5),
(53, 5),
(62, 5),
(25, 11),
(57, 19);

-- --------------------------------------------------------

--
-- Estrutura da tabela `cad_grupos`
--

CREATE TABLE `cad_grupos` (
  `id_grupo` int(11) NOT NULL,
  `nome_grupo` text
) ENGINE=InnoDB DEFAULT CHARSET=utf8;

--
-- Extraindo dados da tabela `cad_grupos`
--

INSERT INTO `cad_grupos` (`id_grupo`, `nome_grupo`) VALUES
(1, 'Estados'),
(2, 'Generos');

-- --------------------------------------------------------

--
-- Estrutura da tabela `cad_hist_notificacao`
--

CREATE TABLE `cad_hist_notificacao` (
  `id_hist_notificacao` int(11) NOT NULL,
  `fk_usuario_destino` int(11) DEFAULT NULL,
  `fk_notificacao` int(11) DEFAULT NULL,
  `data_envio_notificacao` timestamp NOT NULL DEFAULT CURRENT_TIMESTAMP,
  `data_leitura` timestamp NOT NULL DEFAULT '0000-00-00 00:00:00',
  `notificacao_enviada` tinyint(1) DEFAULT '0'
) ENGINE=InnoDB DEFAULT CHARSET=utf8;

--
-- Extraindo dados da tabela `cad_hist_notificacao`
--

INSERT INTO `cad_hist_notificacao` (`id_hist_notificacao`, `fk_usuario_destino`, `fk_notificacao`, `data_envio_notificacao`, `data_leitura`, `notificacao_enviada`) VALUES
(1, 3, 1, '2018-07-31 17:10:15', '0000-00-00 00:00:00', 0),
(2, 3, 7, '2018-08-01 18:20:10', '0000-00-00 00:00:00', 0),
(3, 3, 8, '2018-08-01 18:32:16', '0000-00-00 00:00:00', 0),
(4, 3, 9, '2018-08-01 18:33:50', '0000-00-00 00:00:00', 0),
(5, 3, 10, '2018-08-01 18:38:32', '0000-00-00 00:00:00', 0),
(6, 3, 11, '2018-08-01 18:39:43', '0000-00-00 00:00:00', 0),
(7, 3, 12, '2018-08-01 18:40:51', '0000-00-00 00:00:00', 0),
(8, 3, 13, '2018-08-01 18:46:43', '0000-00-00 00:00:00', 0),
(9, 3, 14, '2018-08-01 18:49:45', '0000-00-00 00:00:00', 0),
(10, 3, 15, '2018-08-01 18:55:52', '0000-00-00 00:00:00', 0),
(11, 3, 16, '2018-08-01 19:42:23', '0000-00-00 00:00:00', 0),
(12, 3, 17, '2018-08-01 19:44:05', '0000-00-00 00:00:00', 0),
(13, 3, 18, '2018-08-02 13:38:55', '0000-00-00 00:00:00', 0),
(14, 3, 19, '2018-08-02 13:40:37', '0000-00-00 00:00:00', 0),
(15, 3, 20, '2018-08-02 13:41:10', '0000-00-00 00:00:00', 0),
(16, 3, 21, '2018-08-02 13:41:50', '0000-00-00 00:00:00', 0),
(17, 3, 22, '2018-08-02 13:44:58', '0000-00-00 00:00:00', 0),
(18, 3, 23, '2018-08-02 16:17:48', '0000-00-00 00:00:00', 0),
(19, 3, 24, '2018-08-02 16:42:09', '0000-00-00 00:00:00', 0),
(20, 3, 25, '2018-08-02 16:43:58', '0000-00-00 00:00:00', 0),
(21, 3, 26, '2018-08-02 16:53:28', '0000-00-00 00:00:00', 0),
(22, 3, 27, '2018-08-02 16:54:21', '0000-00-00 00:00:00', 0),
(23, 3, 28, '2018-08-02 17:03:45', '0000-00-00 00:00:00', 0),
(24, 3, 29, '2018-08-02 17:28:25', '0000-00-00 00:00:00', 0),
(25, 3, 30, '2018-08-02 17:29:18', '0000-00-00 00:00:00', 0),
(26, 3, 31, '2018-08-02 17:30:33', '0000-00-00 00:00:00', 0),
(27, 3, 32, '2018-08-02 17:32:30', '0000-00-00 00:00:00', 0),
(28, 3, 33, '2018-08-02 18:35:26', '0000-00-00 00:00:00', 0),
(29, 3, 34, '2018-08-02 18:35:52', '0000-00-00 00:00:00', 0),
(30, 3, 35, '2018-08-02 18:38:24', '0000-00-00 00:00:00', 0),
(31, 3, 36, '2018-08-02 18:40:29', '0000-00-00 00:00:00', 0),
(32, 3, 37, '2018-08-07 18:47:11', '0000-00-00 00:00:00', 0),
(33, 3, 38, '2018-08-07 18:48:22', '0000-00-00 00:00:00', 0),
(34, 3, 39, '2018-08-07 18:48:55', '0000-00-00 00:00:00', 0),
(35, 3, 43, '2018-08-07 19:01:34', '0000-00-00 00:00:00', 0),
(36, 3, 44, '2018-08-07 19:03:55', '0000-00-00 00:00:00', 0),
(37, 3, 45, '2018-08-07 19:39:59', '0000-00-00 00:00:00', 0),
(38, 3, 46, '2018-08-07 19:42:03', '0000-00-00 00:00:00', 0),
(39, 3, 47, '2018-08-07 19:42:55', '0000-00-00 00:00:00', 0),
(40, 3, 48, '2018-08-07 19:58:45', '0000-00-00 00:00:00', 0),
(41, 3, 49, '2018-08-07 20:01:26', '0000-00-00 00:00:00', 0),
(42, 3, 50, '2018-08-07 20:02:59', '0000-00-00 00:00:00', 0),
(43, 3, 51, '2018-08-07 20:06:13', '0000-00-00 00:00:00', 0),
(44, 3, 52, '2018-08-07 20:08:25', '0000-00-00 00:00:00', 0),
(45, 3, 53, '2018-08-07 20:10:55', '0000-00-00 00:00:00', 0),
(46, 3, 54, '2018-08-07 20:13:55', '0000-00-00 00:00:00', 0),
(47, 11, 66, '2018-08-21 15:13:27', '0000-00-00 00:00:00', 0),
(48, 10, 71, '2018-10-01 13:43:16', '0000-00-00 00:00:00', 0),
(49, 20, 71, '2018-10-01 13:43:16', '0000-00-00 00:00:00', 0),
(50, 10, 72, '2018-10-01 14:18:02', '0000-00-00 00:00:00', 0),
(51, 20, 72, '2018-10-01 14:18:02', '0000-00-00 00:00:00', 0),
(52, 10, 73, '2018-10-01 14:18:36', '0000-00-00 00:00:00', 0),
(53, 20, 73, '2018-10-01 14:18:36', '0000-00-00 00:00:00', 0),
(54, 10, 74, '2018-10-01 14:19:41', '0000-00-00 00:00:00', 0),
(55, 20, 74, '2018-10-01 14:19:41', '0000-00-00 00:00:00', 0),
(56, 10, 75, '2018-10-01 14:22:12', '0000-00-00 00:00:00', 0),
(57, 20, 75, '2018-10-01 14:22:12', '0000-00-00 00:00:00', 0),
(58, 10, 76, '2018-10-01 14:23:26', '0000-00-00 00:00:00', 0),
(59, 20, 76, '2018-10-01 14:23:26', '0000-00-00 00:00:00', 0),
(60, 10, 77, '2018-10-01 14:50:48', '0000-00-00 00:00:00', 0),
(61, 17, 77, '2018-10-01 14:50:48', '0000-00-00 00:00:00', 0),
(62, 20, 77, '2018-10-01 14:50:48', '0000-00-00 00:00:00', 0),
(63, 10, 78, '2018-10-01 14:52:18', '0000-00-00 00:00:00', 0),
(64, 17, 78, '2018-10-01 14:52:18', '0000-00-00 00:00:00', 0),
(65, 10, 79, '2018-10-01 14:52:55', '0000-00-00 00:00:00', 0),
(66, 10, 80, '2018-10-01 14:53:15', '0000-00-00 00:00:00', 0);

-- --------------------------------------------------------

--
-- Estrutura da tabela `cad_ingressos`
--

CREATE TABLE `cad_ingressos` (
  `id_ingresso` int(11) NOT NULL,
  `fk_usuario` int(11) NOT NULL,
  `quantidade` int(11) NOT NULL DEFAULT '0',
  `ativo` tinyint(4) DEFAULT '0',
  `prioridade` int(11) NOT NULL
) ENGINE=InnoDB DEFAULT CHARSET=utf8;

--
-- Extraindo dados da tabela `cad_ingressos`
--

INSERT INTO `cad_ingressos` (`id_ingresso`, `fk_usuario`, `quantidade`, `ativo`, `prioridade`) VALUES
(1, 3, 7, 1, -1),
(2, 4, 98, 1, -1),
(3, 2, 5, 1, -1),
(4, 3, 88, 1, -2),
(5, 3, 90, 1, -2),
(6, 3, 84, 1, -2),
(7, 3, 85, 1, -2),
(8, 3, 99, 1, -2),
(9, 3, 100, 1, -2),
(10, 3, 97, 1, -2),
(11, 3, 100, 1, -2),
(12, 5, 32, 1, -1),
(13, 11, 0, 1, -1),
(14, 8, 500, 1, -1),
(15, 8, 20, 1, -2),
(16, 8, 55, 1, -2),
(17, 8, 500, 1, -2),
(18, 8, 100, 1, -2),
(19, 8, 100, 1, -2),
(20, 13, 100, 1, -1),
(21, 13, 344, 1, -2),
(22, 12, 84, 1, -1),
(23, 14, 100, 1, -1),
(24, 11, 91, 1, -2),
(25, 10, 31, 1, -1),
(26, 15, 100, 1, -1),
(27, 17, 38, 1, -1),
(28, 5, 65, 1, -2),
(29, 7, 57, 1, -1),
(30, 19, 69, 1, -1),
(31, 21, 74, 1, -1),
(32, 5, 500, 1, -2);

-- --------------------------------------------------------

--
-- Estrutura da tabela `cad_item_grupo`
--

CREATE TABLE `cad_item_grupo` (
  `id_item_grupo` int(11) NOT NULL,
  `fk_grupo` int(11) DEFAULT NULL,
  `nome_item_grupo` text
) ENGINE=InnoDB DEFAULT CHARSET=utf8;

--
-- Extraindo dados da tabela `cad_item_grupo`
--

INSERT INTO `cad_item_grupo` (`id_item_grupo`, `fk_grupo`, `nome_item_grupo`) VALUES
(1, 1, 'AC'),
(2, 1, 'AL'),
(3, 1, 'AP'),
(4, 1, 'AM'),
(5, 1, 'BA'),
(6, 1, 'CE'),
(7, 1, 'DF'),
(8, 1, 'ES'),
(9, 1, 'GO'),
(10, 1, 'MA'),
(11, 1, 'MT'),
(12, 1, 'MS'),
(13, 1, 'MG'),
(14, 1, 'PA'),
(15, 1, 'PB'),
(16, 1, 'PR'),
(17, 1, 'PE'),
(18, 1, 'PI'),
(19, 1, 'RJ'),
(20, 1, 'RN'),
(21, 1, 'RS'),
(22, 1, 'RO'),
(23, 1, 'RR'),
(24, 1, 'SC'),
(25, 1, 'SP'),
(26, 1, 'SE'),
(27, 1, 'TO'),
(28, 2, 'Masculino'),
(29, 2, 'Feminino');

-- --------------------------------------------------------

--
-- Estrutura da tabela `cad_lances`
--

CREATE TABLE `cad_lances` (
  `id_lances` int(11) NOT NULL,
  `valor` double NOT NULL,
  `data_lance` timestamp NOT NULL DEFAULT CURRENT_TIMESTAMP,
  `fk_sala_leilao` int(11) DEFAULT NULL
) ENGINE=InnoDB DEFAULT CHARSET=utf8;

--
-- Extraindo dados da tabela `cad_lances`
--

INSERT INTO `cad_lances` (`id_lances`, `valor`, `data_lance`, `fk_sala_leilao`) VALUES
(1, 505, '2018-07-31 17:47:43', 5),
(2, 22, '2018-08-01 18:47:02', 12),
(3, 510, '2018-08-03 10:04:51', 4),
(4, 520, '2018-08-03 10:04:57', 4),
(5, 530, '2018-08-03 10:05:05', 4),
(6, 530, '2018-08-03 10:05:05', 4),
(7, 540, '2018-08-03 10:05:06', 4),
(8, 550, '2018-08-03 10:05:13', 4),
(9, 560, '2018-08-03 10:05:15', 4),
(10, 510, '2018-08-03 20:16:41', 1),
(11, 515, '2018-08-03 22:57:14', 1),
(12, 520, '2018-08-03 22:57:19', 1),
(13, 525, '2018-08-03 22:57:22', 1),
(14, 530, '2018-08-04 00:33:00', 1),
(15, 535, '2018-08-04 00:33:05', 1),
(16, 540, '2018-08-04 00:33:10', 1),
(17, 545, '2018-08-04 00:33:12', 1),
(18, 550, '2018-08-04 00:33:18', 1),
(19, 555, '2018-08-04 00:33:21', 1),
(20, 560, '2018-08-04 00:33:22', 1),
(21, 565, '2018-08-05 00:49:40', 1),
(22, 570, '2018-08-05 00:49:43', 1),
(23, 575, '2018-08-05 00:49:45', 1),
(24, 570, '2018-08-05 00:49:54', 4),
(25, 580, '2018-08-05 00:49:57', 4),
(26, 590, '2018-08-05 00:50:01', 4),
(27, 600, '2018-08-05 00:50:03', 4),
(28, 580, '2018-08-05 00:51:37', 1),
(29, 585, '2018-08-05 00:51:40', 1),
(30, 590, '2018-08-05 00:51:42', 1),
(31, 595, '2018-08-05 00:52:18', 1),
(32, 600, '2018-08-05 00:52:22', 1),
(33, 605, '2018-08-05 00:52:24', 1),
(34, 420, '2018-08-05 19:13:09', 14),
(35, 440, '2018-08-05 19:13:11', 14),
(36, 460, '2018-08-05 19:13:12', 14),
(37, 480, '2018-08-05 19:13:19', 14),
(38, 500, '2018-08-05 19:13:50', 14),
(39, 520, '2018-08-05 19:13:51', 14),
(40, 540, '2018-08-05 19:13:53', 14),
(41, 560, '2018-08-05 19:13:54', 14),
(42, 580, '2018-08-05 19:14:08', 14),
(43, 600, '2018-08-05 19:14:10', 14),
(44, 620, '2018-08-05 19:14:11', 14),
(45, 610, '2018-08-06 02:16:52', 1),
(46, 615, '2018-08-06 02:16:59', 1),
(47, 620, '2018-08-06 02:17:01', 1),
(50, 610, '2018-08-07 01:40:32', 4),
(51, 620, '2018-08-07 01:40:34', 4),
(52, 630, '2018-08-07 01:40:38', 4),
(53, 640, '2018-08-07 01:40:41', 4),
(54, 310, '2018-08-08 12:32:57', 15),
(55, 650, '2018-08-08 12:33:21', 16),
(56, 625, '2018-08-12 13:07:12', 1),
(57, 630, '2018-08-12 13:07:18', 1),
(58, 635, '2018-08-12 13:07:23', 1),
(59, 640, '2018-08-12 13:07:24', 1),
(60, 645, '2018-08-12 13:07:26', 1),
(61, 650, '2018-08-12 13:07:28', 1),
(62, 655, '2018-08-16 00:21:54', 1),
(63, 660, '2018-08-16 00:21:56', 1),
(64, 430, '2018-08-18 22:39:18', 24),
(65, 460, '2018-08-18 22:39:22', 24),
(66, 490, '2018-08-18 22:45:15', 24),
(68, 1010, '2018-08-19 00:05:11', 23),
(69, 1020, '2018-08-19 00:05:16', 23),
(70, 520, '2018-08-19 00:41:05', 24),
(71, 550, '2018-08-19 00:41:08', 24),
(72, 1030, '2018-08-19 00:41:34', 23),
(73, 1040, '2018-08-19 00:41:35', 23),
(74, 1050, '2018-08-19 00:41:44', 23),
(75, 6, '2018-08-19 00:41:48', 22),
(76, 7, '2018-08-19 00:41:50', 22),
(77, 70, '2018-08-19 00:41:58', 25),
(78, 580, '2018-08-19 00:44:02', 24),
(79, 85, '2018-08-19 01:14:42', 26),
(80, 90, '2018-08-19 01:14:45', 26),
(81, 95, '2018-08-19 01:14:47', 26),
(82, 100, '2018-08-19 01:14:55', 26),
(83, 105, '2018-08-19 01:16:45', 26),
(84, 110, '2018-08-19 01:16:48', 26),
(85, 115, '2018-08-19 01:16:50', 26),
(86, 120, '2018-08-19 01:17:04', 26),
(87, 610, '2018-08-19 01:17:21', 24),
(88, 640, '2018-08-19 01:18:50', 27),
(89, 670, '2018-08-19 01:19:50', 27),
(90, 700, '2018-08-19 01:19:55', 27),
(91, 310, '2018-08-19 01:21:08', 29),
(92, 320, '2018-08-19 01:21:10', 29),
(93, 730, '2018-08-19 01:33:25', 24),
(94, 760, '2018-08-19 01:33:49', 27),
(95, 790, '2018-08-19 01:34:59', 24),
(96, 820, '2018-08-19 01:36:21', 27),
(97, 850, '2018-08-19 01:36:38', 24),
(98, 880, '2018-08-19 01:36:47', 24),
(99, 910, '2018-08-19 01:37:11', 27),
(100, 940, '2018-08-19 01:37:42', 24),
(101, 970, '2018-08-19 01:39:36', 27),
(102, 1000, '2018-08-19 01:39:55', 24),
(103, 1030, '2018-08-19 01:40:13', 27),
(104, 1060, '2018-08-19 01:40:42', 24),
(105, 1090, '2018-08-19 01:41:03', 24),
(106, 1060, '2018-08-19 01:41:11', 23),
(107, 1070, '2018-08-19 01:41:14', 23),
(108, 1080, '2018-08-19 01:41:15', 23),
(109, 1090, '2018-08-19 01:41:17', 23),
(110, 1120, '2018-08-19 01:42:46', 27),
(111, 1150, '2018-08-19 01:43:18', 24),
(112, 1180, '2018-08-19 01:44:32', 27),
(113, 1210, '2018-08-19 01:45:30', 24),
(114, 1240, '2018-08-19 01:49:15', 27),
(116, 1270, '2018-08-19 02:02:34', 24),
(117, 125, '2018-08-19 15:11:35', 26),
(118, 1300, '2018-08-19 15:11:54', 27),
(119, 1330, '2018-08-19 15:11:57', 27),
(120, 130, '2018-08-20 05:00:25', 31),
(121, 80, '2018-08-20 05:02:51', 32),
(122, 620, '2018-08-20 05:03:55', 34),
(123, 640, '2018-08-20 05:03:59', 35),
(124, 660, '2018-08-20 05:04:12', 34),
(125, 680, '2018-08-20 05:04:36', 34),
(126, 8, '2018-08-20 05:05:23', 36),
(127, 9, '2018-08-20 05:05:33', 28),
(128, 2900, '2018-08-20 05:09:35', 30),
(129, 3050, '2018-08-20 05:09:38', 30),
(130, 1360, '2018-08-20 05:16:17', 27),
(133, 665, '2018-08-21 14:03:55', 46),
(134, 670, '2018-08-21 14:05:39', 5),
(135, 675, '2018-08-21 14:07:16', 46),
(136, 680, '2018-08-21 14:07:49', 5),
(137, 685, '2018-08-21 14:08:13', 46),
(138, 690, '2018-08-21 14:08:36', 5),
(139, 695, '2018-08-21 14:08:56', 46),
(141, 700, '2018-08-21 14:11:20', 46),
(142, 705, '2018-08-21 14:11:41', 46),
(143, 710, '2018-08-21 14:12:13', 5),
(144, 715, '2018-08-21 14:12:27', 46),
(145, 720, '2018-08-21 14:12:44', 5),
(146, 725, '2018-08-21 14:12:53', 46),
(147, 730, '2018-08-21 14:13:02', 5),
(148, 735, '2018-08-21 14:13:47', 46),
(149, 740, '2018-08-21 14:14:01', 5),
(150, 745, '2018-08-21 14:14:11', 5),
(151, 750, '2018-08-21 14:14:23', 46),
(152, 755, '2018-08-21 14:14:29', 46),
(153, 760, '2018-08-21 14:14:34', 5),
(154, 765, '2018-08-21 14:14:40', 46),
(155, 770, '2018-08-21 14:35:32', 5),
(156, 775, '2018-08-21 14:35:58', 5),
(157, 350, '2018-08-21 14:48:00', 61),
(158, 263, '2018-08-21 14:56:00', 62),
(159, 450, '2018-08-21 15:01:53', 64),
(160, 220, '2018-08-21 15:22:34', 66),
(161, 10.1, '2018-08-21 15:24:42', 68),
(162, 10.2, '2018-08-21 15:24:56', 68),
(163, 10.299999999999999, '2018-08-21 15:25:02', 68),
(164, 10.399999999999999, '2018-08-21 15:25:15', 68),
(165, 10.499999999999998, '2018-08-21 15:25:26', 68),
(166, 10.599999999999998, '2018-08-21 15:25:34', 68),
(167, 220, '2018-08-21 15:27:48', 67),
(168, 240, '2018-08-21 15:28:56', 67),
(169, 240, '2018-08-21 15:57:53', 44),
(170, 310, '2018-08-24 02:12:23', 72),
(171, 320, '2018-08-24 02:29:52', 73),
(172, 330, '2018-08-24 02:31:16', 73),
(173, 340, '2018-08-24 03:14:40', 73),
(174, 200.01, '2018-08-27 14:38:09', 78),
(175, 700, '2018-08-28 13:30:19', 97),
(176, 1050, '2018-08-28 13:41:30', 99),
(177, 11.11, '2018-09-12 22:44:51', 104),
(178, 130.01, '2018-09-18 22:27:42', 101),
(179, 250.01, '2018-09-18 22:28:07', 100),
(180, 850, '2018-09-25 14:13:16', 113),
(183, 1100, '2018-09-25 16:54:57', 116),
(187, 250, '2018-09-25 18:14:01', 119),
(189, 111.55, '2018-09-28 15:33:22', 124),
(190, 123.1, '2018-09-28 15:33:29', 124),
(191, 134.65, '2018-09-28 15:33:31', 124),
(192, 15, '2018-09-28 15:40:24', 127),
(193, 20, '2018-09-28 15:41:19', 128),
(194, 25, '2018-09-28 15:41:31', 127),
(195, 30, '2018-09-28 15:41:56', 128),
(196, 35, '2018-09-28 15:42:20', 127),
(197, 40, '2018-09-28 15:42:41', 128),
(198, 45, '2018-09-28 15:42:47', 128),
(199, 146.20000000000002, '2018-09-28 15:43:03', 129),
(200, 50, '2018-09-28 15:43:32', 128),
(201, 157.75000000000003, '2018-09-28 15:44:28', 129),
(202, 300, '2018-09-28 15:44:35', 130),
(203, 350, '2018-09-28 15:44:41', 131),
(204, 55, '2018-09-28 15:44:55', 132),
(205, 350, '2018-09-28 15:45:39', 130),
(206, 55, '2018-09-28 15:46:55', 127),
(207, 60, '2018-09-28 15:47:20', 128),
(208, 65, '2018-09-28 15:47:52', 127),
(209, 70, '2018-09-28 15:48:30', 127),
(210, 400, '2018-09-28 15:49:23', 121),
(211, 430.5, '2018-09-28 15:58:05', 133),
(212, 431, '2018-09-28 15:58:12', 133),
(217, 250, '2018-09-28 16:12:56', 135),
(218, 300, '2018-09-28 16:13:07', 134),
(219, 350, '2018-09-28 16:13:14', 135),
(220, 400, '2018-09-28 16:13:18', 134),
(221, 450, '2018-09-28 16:14:21', 135),
(222, 500, '2018-09-28 16:14:28', 134),
(223, 550, '2018-09-28 16:14:43', 135),
(224, 600, '2018-09-28 16:14:54', 134),
(225, 40, '2018-09-28 16:34:15', 136),
(226, 50, '2018-09-28 16:34:20', 136),
(227, 60, '2018-09-28 16:34:25', 136),
(228, 70, '2018-09-28 16:34:38', 136),
(229, 80, '2018-09-28 16:34:44', 136),
(230, 90, '2018-09-28 16:34:48', 136),
(231, 100, '2018-09-28 16:34:54', 136),
(232, 110, '2018-09-28 16:35:04', 136),
(233, 120, '2018-09-28 16:35:12', 136),
(234, 130, '2018-09-28 16:35:21', 137),
(235, 140, '2018-09-28 16:35:29', 137),
(236, 150, '2018-09-28 16:35:36', 136),
(237, 160, '2018-09-28 16:35:46', 136),
(238, 170, '2018-09-28 16:36:01', 136),
(239, 180, '2018-09-28 16:36:12', 137),
(240, 190, '2018-09-28 16:36:27', 136),
(241, 200, '2018-09-28 16:36:35', 137),
(242, 210, '2018-09-28 16:36:47', 136),
(243, 220, '2018-09-28 16:36:59', 137),
(244, 431.5, '2018-09-28 16:42:50', 138),
(245, 432, '2018-09-28 16:43:06', 138),
(246, 432.5, '2018-09-28 16:43:08', 133),
(247, 433, '2018-09-28 16:43:12', 133),
(248, 433.5, '2018-09-28 16:43:28', 138),
(249, 434, '2018-09-28 16:43:51', 133),
(250, 434.5, '2018-09-28 16:44:40', 138),
(251, 435, '2018-09-28 16:47:10', 138),
(252, 650, '2018-09-28 16:48:39', 139),
(253, 169.30000000000004, '2018-09-30 01:04:18', 129),
(254, 180.85000000000005, '2018-10-01 01:59:01', 124),
(255, 192.40000000000006, '2018-10-01 14:56:09', 140),
(256, 60, '2018-10-02 12:09:53', 132),
(257, 65, '2018-10-02 12:09:55', 132),
(258, 70, '2018-10-02 12:09:57', 132),
(259, 75, '2018-10-02 12:10:00', 132),
(260, 400, '2018-10-02 12:10:06', 131),
(261, 450, '2018-10-02 12:10:08', 131),
(262, 435.5, '2018-10-02 12:10:17', 133),
(263, 436, '2018-10-02 12:10:20', 133),
(264, 436.5, '2018-10-02 12:10:22', 133),
(265, 300.01, '2018-10-02 12:15:10', 141),
(266, 300.02, '2018-10-02 12:15:12', 141),
(267, 300.03, '2018-10-02 12:15:13', 141),
(268, 140.01, '2018-10-02 12:15:18', 142),
(269, 140.01999999999998, '2018-10-02 12:15:20', 142),
(270, 450, '2018-10-02 13:26:16', 144),
(271, 300.03999999999996, '2018-10-02 13:26:44', 145),
(272, 100.01, '2018-10-02 13:35:01', 147),
(273, 100.02000000000001, '2018-10-02 13:35:56', 148),
(274, 100.03000000000002, '2018-10-02 13:37:47', 148),
(275, 100.04000000000002, '2018-10-02 13:38:06', 149),
(276, 100.05000000000003, '2018-10-02 13:38:15', 147),
(277, 100.06000000000003, '2018-10-02 13:38:25', 148),
(278, 100.07000000000004, '2018-10-02 13:38:37', 149),
(279, 100.08000000000004, '2018-10-02 13:38:46', 149),
(280, 100.09000000000005, '2018-10-02 13:38:56', 148),
(281, 100.10000000000005, '2018-10-02 13:38:58', 148),
(282, 100.11000000000006, '2018-10-02 13:39:15', 149),
(283, 100.12000000000006, '2018-10-02 13:39:53', 147),
(285, 100.13000000000007, '2018-10-02 13:44:10', 149);

-- --------------------------------------------------------

--
-- Estrutura da tabela `cad_leilao`
--

CREATE TABLE `cad_leilao` (
  `id_leilao` int(11) NOT NULL,
  `fk_produto` int(11) NOT NULL,
  `valor_minimo` double DEFAULT NULL,
  `lance_minimo` double NOT NULL DEFAULT '0.01',
  `ingressos` int(11) NOT NULL DEFAULT '1',
  `data_inicio` timestamp NOT NULL DEFAULT '0000-00-00 00:00:00',
  `data_fim_previsto` timestamp NOT NULL DEFAULT '0000-00-00 00:00:00',
  `status_leilao` int(11) NOT NULL,
  `fk_usuario_arrematou` int(11) DEFAULT NULL,
  `quantidade_minima_usuarios` int(11) DEFAULT NULL,
  `tempo_iniciar` int(11) DEFAULT NULL,
  `data_fim_efetivo` timestamp NOT NULL DEFAULT '0000-00-00 00:00:00',
  `notificado` int(11) DEFAULT '0'
) ENGINE=InnoDB DEFAULT CHARSET=utf8;

--
-- Extraindo dados da tabela `cad_leilao`
--

INSERT INTO `cad_leilao` (`id_leilao`, `fk_produto`, `valor_minimo`, `lance_minimo`, `ingressos`, `data_inicio`, `data_fim_previsto`, `status_leilao`, `fk_usuario_arrematou`, `quantidade_minima_usuarios`, `tempo_iniciar`, `data_fim_efetivo`, `notificado`) VALUES
(1, 1, 500, 5, 1, '2018-07-31 03:00:00', '2018-08-21 14:36:48', 4, 2, 5, 10, '2018-08-21 14:36:49', 3),
(2, 2, 500, 10, 1, '2018-07-31 03:00:00', '2018-08-16 02:59:00', 4, 2, 5, 60, '2018-08-21 15:57:33', 3),
(3, 1, 200, 20, 1, '2018-07-31 03:00:00', '2018-07-31 18:51:29', 2, NULL, 1, 60, '0000-00-00 00:00:00', 3),
(4, 1, 20, 2, 2, '2018-07-31 03:00:00', '2018-07-31 18:54:56', 2, NULL, 1, 60, '0000-00-00 00:00:00', 3),
(5, 1, 20, 200, 3, '2018-07-31 03:00:00', '2018-07-31 18:59:12', 4, 5, 1, 60, '2018-08-27 20:10:42', 3),
(6, 1, 100, 100, 5, '2018-07-31 03:00:00', '2018-07-31 19:22:08', 2, NULL, 1, 60, '0000-00-00 00:00:00', 3),
(7, 1, 200, 20, 10, '2018-07-31 03:00:00', '2018-07-31 19:27:35', 4, 5, 1, 60, '2018-08-21 15:28:54', 3),
(8, 1, 20, 2, 20, '2018-07-31 03:00:00', '2018-08-01 16:02:06', 4, 3, 1, 60, '2018-08-08 12:54:46', 3),
(9, 1, 30, 30, 50, '2018-07-31 03:00:00', '2018-07-31 20:26:41', 2, NULL, 1, 60, '0000-00-00 00:00:00', 3),
(10, 3, 100, 0.01, 1, '2018-08-02 17:43:32', '2018-08-02 17:43:32', 3, NULL, NULL, NULL, '0000-00-00 00:00:00', 0),
(11, 6, 300, 0.01, 1, '2018-08-04 01:51:45', '2018-08-04 01:51:45', 3, NULL, NULL, NULL, '0000-00-00 00:00:00', 0),
(12, 6, 300, 0.01, 1, '2018-08-04 01:51:45', '2018-08-04 01:51:45', 3, NULL, NULL, NULL, '0000-00-00 00:00:00', 0),
(13, 6, 300, 0.01, 1, '2018-08-04 01:51:46', '2018-08-04 01:51:46', 3, NULL, NULL, NULL, '0000-00-00 00:00:00', 0),
(14, 7, 300, 10, 0, '2018-08-05 03:00:00', '2018-08-08 12:37:47', 4, 2, 2, 5, '2018-08-08 12:55:20', 3),
(15, 7, 400, 20, 0, '2018-08-05 03:00:00', '2018-08-20 05:11:10', 4, 3, 2, 5, '2018-08-21 14:38:30', 3),
(16, 8, 1000, 0.01, 1, '2018-08-08 12:35:00', '2018-08-08 12:35:00', 3, NULL, NULL, NULL, '0000-00-00 00:00:00', 0),
(17, 9, 300, 0.01, 1, '2018-08-15 20:24:53', '2018-08-15 20:24:53', 3, NULL, NULL, NULL, '0000-00-00 00:00:00', 0),
(18, 9, 300, 10, 3, '2018-08-15 20:24:00', '2018-08-19 01:50:11', 4, 5, 1, 30, '2018-08-20 05:06:07', 3),
(19, 10, 230, 10, 3, '2018-08-15 03:00:00', '2018-08-15 22:06:21', 4, 2, 1, 60, '2018-08-27 14:36:39', 3),
(20, 11, 190, 0.01, 1, '2018-08-18 09:22:41', '2018-08-18 09:22:41', 3, NULL, NULL, NULL, '0000-00-00 00:00:00', 0),
(21, 12, 600, 20, 7, '2018-08-18 22:30:00', '2018-08-19 00:50:00', 4, 5, 0, 60, '2018-08-20 05:04:20', 3),
(22, 13, 5, 1, 0, '2018-08-18 03:00:00', '2018-08-19 01:58:28', 4, 3, 1, 200, '2018-08-20 05:05:21', 3),
(23, 14, 1000, 10, 3, '2018-08-18 03:00:00', '2018-08-19 00:00:00', 4, 3, 0, 10, '2018-08-20 05:06:42', 3),
(24, 15, 400, 30, 6, '2018-08-18 03:00:00', '2018-08-19 02:18:04', 4, 5, 2, 60, '2018-08-20 05:05:56', 3),
(25, 16, 60, 10, 1, '2018-08-18 03:00:00', '2018-08-19 01:10:00', 4, 3, 0, 20, '2018-08-20 05:02:40', 3),
(26, 17, 80, 5, 17, '2018-08-19 00:47:00', '2018-08-19 01:24:33', 4, 5, 1, 10, '2018-08-20 05:00:02', 3),
(27, 18, 2750, 150, 80, '2018-08-19 01:07:00', '2018-08-20 06:39:50', 4, 11, 1, 100, '2018-08-21 14:29:59', 3),
(28, 19, 200, 0.01, 1, '2018-08-21 14:37:39', '2018-08-21 14:37:39', 4, 2, NULL, NULL, '2018-08-27 20:09:17', 1),
(29, 19, 250, 100, 5, '2018-08-21 14:40:00', '2018-08-21 15:19:32', 4, 5, 2, 20, '2018-08-27 13:11:53', 3),
(30, 20, 300, 10, 0, '2018-08-21 14:43:00', '2018-08-21 14:54:52', 2, NULL, 1, 10, '0000-00-00 00:00:00', 3),
(31, 8, 250, 0.01, 1, '2018-08-21 14:50:09', '2018-08-21 14:50:09', 2, NULL, NULL, NULL, '0000-00-00 00:00:00', 0),
(32, 21, 250, 13, 380, '2018-08-21 14:52:00', '2018-08-21 15:25:55', 4, 11, 1, 30, '2018-08-27 20:18:05', 3),
(33, 22, 130, 0.01, 1, '2018-08-21 15:15:27', '2018-08-21 15:15:27', 2, NULL, NULL, NULL, '0000-00-00 00:00:00', 0),
(34, 22, 130, 0.01, 1, '2018-08-21 15:15:27', '2018-08-21 15:15:27', 2, NULL, NULL, NULL, '0000-00-00 00:00:00', 0),
(35, 1, 10, 0.1, 0, '2018-08-21 03:00:00', '2018-08-21 15:26:24', 4, 5, 0, 2, '2018-08-21 15:26:25', 3),
(36, 23, 10, 0.01, 1, '2018-08-23 11:50:22', '2018-08-23 11:50:22', 2, NULL, NULL, NULL, '0000-00-00 00:00:00', 0),
(37, 23, 10, 0.01, 1, '2018-08-23 11:50:22', '2018-08-23 11:50:22', 2, NULL, NULL, NULL, '0000-00-00 00:00:00', 0),
(38, 24, 100, 0.01, 1, '2018-08-23 13:11:31', '2018-08-23 13:11:31', 2, NULL, NULL, NULL, '0000-00-00 00:00:00', 0),
(39, 25, 300, 10, 3, '2018-08-23 03:00:00', '2018-08-24 02:47:24', 4, 5, 2, 30, '2018-08-24 03:14:39', 3),
(40, 26, 140, 0.01, 1, '2018-08-24 23:47:06', '2018-08-24 23:47:06', 2, NULL, NULL, NULL, '0000-00-00 00:00:00', 0),
(41, 2, 600, 100, 5, '2018-08-28 03:00:00', '2018-08-28 14:28:05', 4, 17, 1, 60, '2018-09-13 15:38:25', 0),
(42, 12, 1000, 50, 5, '2018-08-28 03:00:00', '2018-08-28 14:33:06', 4, 17, 1, 60, '2018-08-29 16:27:14', 0),
(43, 16, 10, 1.11, 1, '2018-08-28 03:00:00', '2018-09-12 23:44:48', 4, 5, 1, 60, '2018-09-18 17:13:20', 0),
(44, 27, 170, 0.01, 1, '2018-08-28 17:58:07', '2018-08-28 17:58:07', 3, NULL, NULL, NULL, '0000-00-00 00:00:00', 0),
(45, 28, 100, 0.01, 1, '2018-09-11 22:16:30', '2018-09-11 22:16:30', 3, NULL, NULL, NULL, '0000-00-00 00:00:00', 0),
(46, 29, 300, 0.01, 1, '2018-09-19 01:04:40', '2018-09-19 01:04:40', 4, 7, NULL, NULL, '2018-10-02 13:26:44', 0),
(47, 1, 800, 50, 5, '2018-09-25 03:00:00', '2018-09-26 02:59:00', 2, NULL, 0, 60, '0000-00-00 00:00:00', 0),
(48, 2, 800, 50, 5, '2018-09-23 03:00:00', '2018-10-24 01:59:00', 2, NULL, 0, 60, '0000-00-00 00:00:00', 0),
(49, 12, 1000, 100, 5, '2018-09-25 16:50:00', '2018-10-01 16:48:00', 2, NULL, 0, 60, '0000-00-00 00:00:00', 0),
(50, 16, 50, 5, 5, '2018-09-25 17:20:00', '2018-10-04 02:59:00', 2, NULL, 0, 60, '0000-00-00 00:00:00', 0),
(51, 15, 300, 50, 5, '2018-09-25 17:26:00', '2018-10-02 02:59:00', 4, 7, 0, 60, '2018-10-02 13:25:46', 0),
(52, 14, 200, 50, 5, '2018-09-25 17:46:00', '2018-10-02 02:59:00', 4, 5, 0, 60, '2018-10-02 13:26:09', 0),
(53, 10, 100, 11.55, 5, '2018-09-25 18:17:00', '2018-10-02 02:59:00', 4, 17, 0, 60, '2018-10-02 12:12:16', 0),
(54, 30, 10, 5, 0, '2018-09-28 03:00:00', '2018-09-28 15:51:11', 4, 5, 2, 10, '2018-10-02 13:33:49', 0),
(55, 31, 430, 0.5, 5, '2018-09-28 15:51:00', '2018-09-28 16:48:00', 4, 7, 2, 5, '2018-10-02 13:28:20', 0),
(56, 7, 200, 50, 5, '2018-09-28 03:00:00', '2018-09-28 16:15:44', 4, 7, 0, 5, '2018-09-28 16:48:37', 0),
(57, 30, 30, 10, 10, '2018-09-28 16:29:00', '2018-09-28 16:37:49', 4, 19, 2, 2, '2018-09-28 16:37:50', 0),
(58, 32, 500, 0.01, 1, '2018-09-28 18:02:27', '2018-09-28 18:02:27', 1, NULL, NULL, NULL, '0000-00-00 00:00:00', 0),
(59, 33, 1000, 0.01, 1, '2018-09-28 18:04:27', '2018-09-28 18:04:27', 1, NULL, NULL, NULL, '0000-00-00 00:00:00', 0),
(60, 34, 1500, 0.01, 1, '2018-09-28 18:05:58', '2018-09-28 18:05:58', 1, NULL, NULL, NULL, '0000-00-00 00:00:00', 0),
(61, 35, 100, 0.01, 1, '2018-10-01 02:01:17', '2018-10-01 02:01:17', 1, NULL, NULL, NULL, '0000-00-00 00:00:00', 0),
(62, 36, 100, 0.01, 1, '2018-10-02 13:31:00', '2018-10-02 13:45:00', 2, NULL, 0, 10, '0000-00-00 00:00:00', 0),
(63, 40, 90, 0.01, 1, '2018-10-02 13:51:36', '2018-10-02 13:51:36', 1, NULL, NULL, NULL, '0000-00-00 00:00:00', 0),
(64, 40, 90, 0.01, 1, '2018-10-02 13:51:36', '2018-10-02 13:51:36', 1, NULL, NULL, NULL, '0000-00-00 00:00:00', 0),
(65, 40, 90, 0.01, 1, '2018-10-02 13:51:36', '2018-10-02 13:51:36', 1, NULL, NULL, NULL, '0000-00-00 00:00:00', 0),
(66, 40, 90, 0.01, 1, '2018-10-02 13:52:23', '2018-10-02 13:52:23', 1, NULL, NULL, NULL, '0000-00-00 00:00:00', 0),
(67, 40, 90, 0.01, 1, '2018-10-02 13:52:23', '2018-10-02 13:52:23', 1, NULL, NULL, NULL, '0000-00-00 00:00:00', 0),
(68, 40, 90, 0.01, 1, '2018-10-02 13:52:23', '2018-10-02 13:52:23', 1, NULL, NULL, NULL, '0000-00-00 00:00:00', 0),
(69, 40, 90, 0.01, 1, '2018-10-02 13:52:23', '2018-10-02 13:52:23', 1, NULL, NULL, NULL, '0000-00-00 00:00:00', 0),
(70, 37, 90, 0.01, 1, '2018-10-02 13:53:51', '2018-10-02 13:53:51', 1, NULL, NULL, NULL, '0000-00-00 00:00:00', 0),
(71, 37, 90, 0.01, 1, '2018-10-02 13:53:51', '2018-10-02 13:53:51', 1, NULL, NULL, NULL, '0000-00-00 00:00:00', 0);

-- --------------------------------------------------------

--
-- Estrutura da tabela `cad_notificacao`
--

CREATE TABLE `cad_notificacao` (
  `id_notificacao` int(11) NOT NULL,
  `fk_usuario` int(11) DEFAULT NULL,
  `data_notificacao` timestamp NOT NULL DEFAULT CURRENT_TIMESTAMP,
  `titulo_notificacao` varchar(20) DEFAULT NULL,
  `notificacao` text,
  `data_limite_notificacao` date DEFAULT NULL
) ENGINE=InnoDB DEFAULT CHARSET=utf8;

--
-- Extraindo dados da tabela `cad_notificacao`
--

INSERT INTO `cad_notificacao` (`id_notificacao`, `fk_usuario`, `data_notificacao`, `titulo_notificacao`, `notificacao`, `data_limite_notificacao`) VALUES
(1, 1, '2018-07-31 17:10:15', 'Olá Cliente,', 'E Ai Quer Tc?', '0000-00-00'),
(2, 1, '2018-07-31 17:14:14', 'Tests', 'Testes Imprefirivel ', '0000-00-00'),
(3, 1, '2018-07-31 17:16:39', 'Teste', 'Doravante Teste', '0000-00-00'),
(4, 1, '2018-07-31 17:17:56', 'Doravante ', 'Doravante Teste Imprefirivel ', '0000-00-00'),
(5, 1, '2018-07-31 17:23:14', 'Doravante ', 'Imprefirivelmente Imprefirivel ', '0000-00-00'),
(6, 1, '2018-07-31 17:25:16', 'Eduardo', 'Temos Um Problema', '0000-00-00'),
(7, 1, '2018-08-01 18:20:10', 'Testes', 'Testes', '0000-00-00'),
(8, 1, '2018-08-01 18:32:16', 'Testes', 'Testse', '0000-00-00'),
(9, 1, '2018-08-01 18:33:50', 'Testse', 'Tests Ee', '0000-00-00'),
(10, 1, '2018-08-01 18:38:32', 'Testes', 'Testse', '0000-00-00'),
(11, 1, '2018-08-01 18:39:43', 'Init', 'Testse', '0000-00-00'),
(12, 1, '2018-08-01 18:40:51', 'Tets', 'Testes', '0000-00-00'),
(13, 1, '2018-08-01 18:46:43', 'Testse', 'Tesetse', '0000-00-00'),
(14, 1, '2018-08-01 18:49:45', 'Ttt', 'Testre', '0000-00-00'),
(15, 1, '2018-08-01 18:55:52', 'Teste', 'Testes', '0000-00-00'),
(16, 1, '2018-08-01 19:42:23', 'Testes', 'Testes', '0000-00-00'),
(17, 1, '2018-08-01 19:44:05', 'Testes', 'Testes', '0000-00-00'),
(18, 1, '2018-08-02 13:38:55', 'Testes', 'Testse', '0000-00-00'),
(19, 1, '2018-08-02 13:40:37', 'Teste 2 ', 'Testes 2', '0000-00-00'),
(20, 1, '2018-08-02 13:41:10', 'Eereer', 'Rewerwrewre', '0000-00-00'),
(21, 1, '2018-08-02 13:41:50', 'Teste ', 'Teste', '0000-00-00'),
(22, 1, '2018-08-02 13:44:58', 'Testes', 'Testes', '0000-00-00'),
(23, 1, '2018-08-02 16:17:48', 'Testes', 'Testes', '0000-00-00'),
(24, 1, '2018-08-02 16:42:09', 'Testes', 'Testes', '0000-00-00'),
(25, 1, '2018-08-02 16:43:58', 'Testes', 'Testsss', '0000-00-00'),
(26, 1, '2018-08-02 16:53:28', 'Teste', 'Testes', '0000-00-00'),
(27, 1, '2018-08-02 16:54:21', 'Testes', 'Testse', '0000-00-00'),
(28, 1, '2018-08-02 17:03:45', '213', '123', '0000-00-00'),
(29, 1, '2018-08-02 17:28:25', 'Testes', 'Tests ', '0000-00-00'),
(30, 1, '2018-08-02 17:29:18', 'Testes', 'Tests', '0000-00-00'),
(31, 1, '2018-08-02 17:30:33', 'Testes', 'Testes', '0000-00-00'),
(32, 1, '2018-08-02 17:32:30', 'Testse', 'Teststse', '0000-00-00'),
(33, 1, '2018-08-02 18:35:26', 'Testes', 'Testests', '0000-00-00'),
(34, 1, '2018-08-02 18:35:52', 'Testse', 'Testes', '0000-00-00'),
(35, 1, '2018-08-02 18:38:24', 'Testse', 'Tsetsets', '0000-00-00'),
(36, 1, '2018-08-02 18:40:29', 'Testes', 'Testse', '0000-00-00'),
(37, 1, '2018-08-07 18:47:11', 'Teste De Id', 'Testse', '0000-00-00'),
(38, 1, '2018-08-07 18:48:22', 'Testes', 'Testestest', '0000-00-00'),
(39, 1, '2018-08-07 18:48:55', 'Testes', 'Testes', '0000-00-00'),
(40, 1, '2018-08-07 18:49:38', 'Testes', 'Testes', '0000-00-00'),
(41, 1, '2018-08-07 18:50:42', 'Testes', 'Testes', '0000-00-00'),
(42, 1, '2018-08-07 19:00:47', 'Testes', 'Testes', '0000-00-00'),
(43, 1, '2018-08-07 19:01:34', 'Teestes Id', 'Testese', '0000-00-00'),
(44, 1, '2018-08-07 19:03:55', 'Testes', 'Testes 2', '0000-00-00'),
(45, 1, '2018-08-07 19:39:59', 'Teste ', 'Testes ', '0000-00-00'),
(46, 1, '2018-08-07 19:42:03', 'Testes', 'Testes', '0000-00-00'),
(47, 1, '2018-08-07 19:42:55', 'Testes', 'Testes', '0000-00-00'),
(48, 1, '2018-08-07 19:58:45', 'Teste', 'Testes Id Eduardo', '0000-00-00'),
(49, 1, '2018-08-07 20:01:26', 'Testes', 'Testes', '0000-00-00'),
(50, 1, '2018-08-07 20:02:59', 'Testes', 'Testes 2', '0000-00-00'),
(51, 1, '2018-08-07 20:06:13', 'Testes', 'Testes', '0000-00-00'),
(52, 1, '2018-08-07 20:08:25', 'Teststse', 'Testsetse', '0000-00-00'),
(53, 1, '2018-08-07 20:10:55', 'Testes', 'Testest', '0000-00-00'),
(54, 1, '2018-08-07 20:13:55', 'Testes', 'Testes', '0000-00-00'),
(55, 1, '2018-08-21 15:03:58', 'Teste', 'Chegou A NotificaÇÃo?', '0000-00-00'),
(56, 1, '2018-08-21 15:04:22', 'Teste Reteste', 'Fazendo Teste', '0000-00-00'),
(57, 1, '2018-08-21 15:05:04', 'Teste', 'Fazendo Teste', '0000-00-00'),
(58, 1, '2018-08-21 15:05:54', 'Teste Reteste', 'Testando', '0000-00-00'),
(59, 1, '2018-08-21 15:06:14', 'Teste Reteste', 'Teste Teste', '0000-00-00'),
(60, 1, '2018-08-21 15:06:36', 'Teste Reteste', 'Teste 3', '0000-00-00'),
(61, 1, '2018-08-21 15:08:59', 'Teste Reteste', 'Teste4', '0000-00-00'),
(62, 1, '2018-08-21 15:09:30', 'Teste Reteste', 'Teste', '0000-00-00'),
(63, 1, '2018-08-21 15:10:14', 'Teste', 'Teste', '0000-00-00'),
(64, 1, '2018-08-21 15:10:47', 'Teste Reteste', '123', '0000-00-00'),
(65, 1, '2018-08-21 15:11:08', 'Teste Reteste', '123', '0000-00-00'),
(66, 1, '2018-08-21 15:13:27', 'Teste Reteste', '123', '0000-00-00'),
(67, 1, '2018-09-28 15:51:44', 'Teste Wil', 'Teste Wil', '0000-00-00'),
(68, 1, '2018-09-28 15:52:13', 'Teste Wil', 'Teste Wil', '0000-00-00'),
(69, 1, '2018-09-28 15:56:44', 'Teste 123', 'Teste 123', '0000-00-00'),
(70, 1, '2018-09-28 16:50:14', 'Iphone 10', 'Iphone X Saindo Por 10 Reais, Nao Perca Essa Chance Acesse O Leilao 24h', '0000-00-00'),
(71, 1, '2018-10-01 13:43:16', 'Teste Android', 'Tsts', '0000-00-00'),
(72, 1, '2018-10-01 14:18:02', 'Tests', 'Tsetse', '0000-00-00'),
(73, 1, '2018-10-01 14:18:36', 'Teste', 'Teste', '0000-00-00'),
(74, 1, '2018-10-01 14:19:41', 'Teste 2', 'Testes ', '0000-00-00'),
(75, 1, '2018-10-01 14:22:12', 'Testes', 'Testse', '0000-00-00'),
(76, 1, '2018-10-01 14:23:26', 'Tes 3', 'Tes 3', '0000-00-00'),
(77, 1, '2018-10-01 14:50:48', 'Teste 8', 'Teste', '0000-00-00'),
(78, 1, '2018-10-01 14:52:18', 'Teste 9', 'Teste', '0000-00-00'),
(79, 1, '2018-10-01 14:52:55', 'Teste 10', 'Teste', '0000-00-00'),
(80, 1, '2018-10-01 14:53:15', 'Teste 11', 'Teste', '0000-00-00'),
(81, 1, '2018-10-02 12:11:44', 'Teste William', 'Teste William ', '0000-00-00'),
(82, 1, '2018-10-02 12:12:56', 'Teste William 009', 'Teste William 008', '0000-00-00'),
(83, 1, '2018-10-02 12:13:47', 'Depois De Anos ', 'App', '0000-00-00'),
(84, 1, '2018-10-02 12:14:32', 'Teste', 'Wilson Ta Chegando As Notificacao No Seu Android E No Seu Ios', '0000-00-00'),
(85, 1, '2018-10-02 12:56:13', 'Celta', 'Celta ', '0000-00-00'),
(86, 1, '2018-10-02 12:56:58', 'Celta 100', 'Celta  100', '0000-00-00'),
(87, 1, '2018-10-02 12:57:30', 'Celta 100', 'Celta  100', '0000-00-00'),
(88, 1, '2018-10-02 12:57:49', 'Celta 10066', 'Celta  100', '0000-00-00'),
(89, 1, '2018-10-02 12:58:30', 'Celta 10066', 'Celta  100', '0000-00-00'),
(90, 1, '2018-10-02 12:58:49', 'Celta 100668', 'Celta  100', '0000-00-00'),
(91, 1, '2018-10-02 12:59:21', 'Celta 100668', 'Celta  100', '0000-00-00'),
(92, 1, '2018-10-02 13:01:01', 'Celta 100668', 'Celta  100', '0000-00-00'),
(93, 1, '2018-10-02 13:06:37', 'Celta 100668', 'Celta  100', '0000-00-00'),
(94, 1, '2018-10-02 13:16:48', 'Teste Wil', 'Trste Wil', '0000-00-00'),
(95, 1, '2018-10-02 13:17:42', 'Teste Wil 000', 'Trste Wil 000', '0000-00-00'),
(96, 1, '2018-10-02 13:22:25', 'Teste Wil 000', 'Trste Wil 000', '0000-00-00'),
(97, 1, '2018-10-02 13:23:24', 'Teste Wil 000', 'Trste Wil 000', '0000-00-00'),
(98, 1, '2018-10-02 13:23:46', 'Teste Wil 0pppjhr', 'Trste Wil 000', '0000-00-00'),
(99, 1, '2018-10-02 13:24:33', 'Teste Wil 0pppjhro', 'Trste Wil 000', '0000-00-00'),
(100, 1, '2018-10-02 13:27:55', 'H', 'H', '0000-00-00');

-- --------------------------------------------------------

--
-- Estrutura da tabela `cad_produtos`
--

CREATE TABLE `cad_produtos` (
  `id_produto` int(11) NOT NULL,
  `fk_categoria` int(11) NOT NULL,
  `nome_produto` varchar(255) NOT NULL,
  `produto_usado` tinyint(1) DEFAULT NULL,
  `descricao_produto` text,
  `fk_usuario` int(11) NOT NULL,
  `produto_recompensa` tinyint(1) DEFAULT '0',
  `produto_recompensa_custo` double DEFAULT NULL
) ENGINE=InnoDB DEFAULT CHARSET=utf8;

--
-- Extraindo dados da tabela `cad_produtos`
--

INSERT INTO `cad_produtos` (`id_produto`, `fk_categoria`, `nome_produto`, `produto_usado`, `descricao_produto`, `fk_usuario`, `produto_recompensa`, `produto_recompensa_custo`) VALUES
(1, 2, 'Xbox One', 0, 'Xbox One\r\n', 1, 0, 0),
(2, 2, 'Nintendo Switch', 0, 'Nintendo Switch', 1, 0, 0),
(3, 10, 'Mesa', 1, 'Mesa', 5, 0, NULL),
(4, 4, 'MK DOURADO COM ROSA', 0, 'Top de linha', 3, 0, NULL),
(5, 4, 'MK DOURADO COM ROSA', 0, 'Top de linha', 3, 0, NULL),
(6, 4, 'MK DOURADO COM ROSA', 0, 'Top de linha', 3, 0, NULL),
(7, 10, 'Boné do norte', 1, 'Couro de jacaré ', 1, 0, 0),
(8, 10, 'Beleza ', 0, 'Beleza de boa ', 2, 0, NULL),
(9, 10, 'ONE MILLION 100 ML', 0, 'Importado', 3, 0, NULL),
(10, 12, '212 vip e men', 0, 'Importado  eua', 1, 0, 0),
(11, 4, 'Fgdrff', 1, 'Gfdrf', 5, 0, NULL),
(12, 4, 'Tv 32 smart w', 1, 'Estado de nova usado 5 vezes na caixa ', 1, 0, 0),
(13, 9, 'Braçadeira inova ', 0, 'Celular 4.6', 1, 0, 0),
(14, 9, 'Viagem para patagonia', 0, 'Tudo incluso viagem e hotel', 1, 0, 0),
(15, 9, 'Relógio diesel dz4333', 1, 'Casa Wilson ', 1, 0, 0),
(16, 10, 'Camisa nova Corinthians', 0, 'Nova modelo 2019', 1, 1, 500),
(17, 10, 'CAMISA VASCO', 0, 'Oficial', 3, 0, NULL),
(18, 9, 'gol que muda de cor', 1, 'qualquer meio us. para transportar ou conduzir pessoas, animais ou coisas, de um lugar para outro.\n\n"v. de carga"\n\n2.\n\nviatura, esp. as motorizadas; automóvel, carro.', 5, 0, NULL),
(19, 12, 'ONE MILLION', 0, 'Novo', 14, 0, NULL),
(20, 10, 'Relógio Casio', 0, 'Ok', 2, 0, NULL),
(21, 10, 'RELOGIO TAG', 0, 'Relógio tag', 12, 0, NULL),
(22, 11, 'xicara', 1, 'xicara', 11, 0, NULL),
(23, 11, 'copo', 1, 'fsfyg', 5, 0, NULL),
(24, 10, 'tenis', 1, 'dyddRd', 5, 0, NULL),
(25, 9, 'Relógio Armani novo', 0, 'Pulseira couro ', 1, 0, 0),
(26, 5, 'celular', 0, 'fjduwdbdh', 5, 0, NULL),
(27, 4, 'dhsys', 1, 'dhdhdu', 5, 0, NULL),
(28, 5, 'TELEFONE DE CASA', 1, 'Telefone branco', 5, 0, NULL),
(29, 5, 'RELOGIO ZEUS NOVO', 0, 'Novo', 12, 0, NULL),
(30, 9, 'Amido de milho', 1, 'Maizena', 1, 0, 0),
(31, 10, 'RELOGIO INVICTA', 1, 'Relógio invicta', 5, 0, NULL),
(32, 2, 'Relógio Invicta Pro Diver 80074 Masculino', 0, 'O Relógio Invicta Pro Diver 80074 é um produto de excelente qualidade altamente sofisticado, perfeito para os homens seguros e autoconfiantes, maduros e de personalidade, que gostam de relógios clássicos e estilosos.\n\n\nPossui um modelo muito sofisticado e glamoroso, ideal para ser usado com vestuário elegante em festas ou eventos importantes. É a máxima expressão dos relógios suíços desenhados com materiais de primeiro nível.', 7, 0, NULL),
(33, 2, 'Relogio Invicta Bolt 23871 Masculino', 0, ' Relógio Invicta Bolt 23871 é um produto de excelente qualidade altamente sofisticado, perfeito para pessoas seguras, autoconfiantes e de personalidade, que gostam de relógios clássicos e estilosos.\n\n\nPossui um modelo muito sofisticado e glamoroso, ideal para ser usado com vestuário elegante em festas ou eventos importantes. É a máxima expressão dos relógios suíços desenhados com materiais de primeiro nível.\n\n\nPara que você se sinta dono e não escravo do seu tempo e possa cumprir todas as ativid', 7, 0, NULL),
(34, 10, 'Relógio Invicta Bolt Reserve 13758', 0, '   \n\nRelógio Invicta Bolt Reserve 13758\n\nRELOJ INVICTA 13758\n\nde: US$ 605,64\n\npor: US$ 576,80\n\nMarca: INVICTACódigo do Produto: 148887Disponibilidade: Não Disponível\n\nCOMPRAR ONLINEVia ByDubai.com - Entrega em todo Brasil\n\nSOBRE O PRODUTO\n\nO Relógio Invicta Bolt Reserve 13758, é um produto de excelente qualidade altamente sofisticado, perfeito para os homens seguros e autoconfiantes, maduros e de personalidade, que gostam de relógios clássicos e estilosos. Sabe aquela sensação de que falta algo?', 7, 0, NULL),
(35, 11, 'MESA', 1, 'Ffsgh', 5, 0, NULL),
(36, 9, 'Câmera Ip', 0, '360 grau', 19, 0, NULL),
(37, 10, 'CAMISA FLAMENGO', 0, 'Camisa flamengo tam. (P)', 21, 0, NULL),
(38, 10, 'CAMISA FLAMENGO', 0, 'Camisa flamengo tam. (P)', 21, 0, NULL),
(39, 10, 'CAMISA FLAMENGO', 0, 'Camisa flamengo tam. (P)', 21, 0, NULL),
(40, 10, 'CAMISA FLAMENGO', 0, 'Camisa flamengo tam. (P)', 21, 0, NULL);

-- --------------------------------------------------------

--
-- Estrutura da tabela `cad_tokens`
--

CREATE TABLE `cad_tokens` (
  `id_token` int(11) NOT NULL,
  `token` varchar(300) DEFAULT NULL,
  `fk_usuario` int(11) DEFAULT NULL,
  `aparelho` int(11) DEFAULT NULL,
  `data_registro` timestamp NOT NULL DEFAULT CURRENT_TIMESTAMP
) ENGINE=InnoDB DEFAULT CHARSET=utf8;

--
-- Extraindo dados da tabela `cad_tokens`
--

INSERT INTO `cad_tokens` (`id_token`, `token`, `fk_usuario`, `aparelho`, `data_registro`) VALUES
(1, 'eNQ6V-6FMME:APA91bGYQ-hEXVHdSNZKpygNC5VY9xLrHVeOKDG5Ib6D_GU_oNvaW4tCNueUKzKf2bUezKzlMpC2TkqtzHyOPcLtIurMnStP_Aao88zL0GDLCaxanUFaAyVhdyT2ceYkO7eko7xsjbDjZacaKucGv_Gqsz6z6SYE4A', 4, 3, '2018-07-31 17:12:21'),
(3, 'dILboM88a1w:APA91bHKVn5V7rjaJPF49dRUGdSWTTWTmQJZYZu8UOdX3CAzFVy5EfYYci8-_Ovq1tsqhDlijrtq7HSgOoP57zlcxMNmv3mPN42G5-Hpd1hrJ7yBFqZ2rrv1VpExFOwZKwOotrO5i5i3qfUgCsCsUcMbfXNR8SbWfA', 2, 3, '2018-07-31 17:38:33'),
(4, 'epnWvot34dY:APA91bGWA0OvAMZSher0v3_n68sQ1RP48yJR8yqbtxX27MN0gkF6_EpPGuc1eYEIFFP3BFUCgvAU-YmXeFHUBcwNNhrgmKu6nEYdkGpi95-Sh0__XwG27YQcpak2_VTVLy2E8GWBLsSj', 5, 3, '2018-08-02 17:06:48'),
(5, 'e7d255acJFA:APA91bH6n1htQAB6qfjaWH1U42cZwmYQV2hx1AhYWthwbGPP0ycY5C59x9e-Km__6Gs6GHgJ6zSjn6lNDV66b6IS6PXWlDYV_kCiFgZgolxxiktSpHa_unQ_JlUgq0-Xc_vK-UO7KK-WWViO8eWKbfSWsCEPq4GPtQ', 6, 3, '2018-08-04 12:39:52'),
(6, 'dvdmGgvtwJw:APA91bGHXNgSBf9Ch1QzYgwgDm-HKJpCqhe_SKByQy_gFZGYNM7e4SEHJiIQSfBA9GR1cQONjC7ejGsHP_9R-JTLB461D940IfIsxCRSuPp67SmQd_RrWS_9vnquzucZHByCyapws6Px', 10, 3, '2018-08-06 14:52:18'),
(8, 'exKEB7mtIpA:APA91bFpPgGjrwTiW3DsOp6PcQ9eqRjZThYomVU8Tvp97Zze9KEGINiDFOqMSJ6DuqZJcXM6KAXgZ-YCR4W_Vo-8KQMoSyrpKCY45l6pn40aE4fTbyEfb7hc78uCFmMWQnnFICML-6cI', 12, 3, '2018-08-21 15:08:05'),
(9, 'fX0Zu4tWqbk:APA91bEEOqJLw_Bh98EeEWrnvyorSRA9SYFKKbpDYPR55VgQt-D-kOu0r6Czmx2HsLDyN3fUuuEuoa3UBrGEJrbxxV-xF7CGp9Z65wHVmDz43Ahc-m22E2nwMApvHvY_KEjY3HBYIyRZ82pHDROzmmsuqYqzbrwrhw', 14, 3, '2018-08-21 15:08:34'),
(10, 'c42b-s4ZzG8:APA91bH_Td5R-6fD-vpPKzDFtl5Fw2599vqDXWlWJ9KgJ2ul9gku6EcVfzKgigWQKSlXTGh2XN2qVODMHIfbLMX8S-JY1n3wyLSJ7p7yEdwyVsPaYIjbuQnoQFwEdRtlaaMiTJ5kMHnINZrxmDwvYjcSr1p1qS4xag', 15, 3, '2018-08-27 14:42:53'),
(11, 'dILboM88a1w:APA91bHKVn5V7rjaJPF49dRUGdSWTTWTmQJZYZu8UOdX3CAzFVy5EfYYci8-_Ovq1tsqhDlijrtq7HSgOoP57zlcxMNmv3mPN42G5-Hpd1hrJ7yBFqZ2rrv1VpExFOwZKwOotrO5i5i3qfUgCsCsUcMbfXNR8SbWfA', 17, 3, '2018-08-27 20:08:27'),
(12, 'dILboM88a1w:APA91bHKVn5V7rjaJPF49dRUGdSWTTWTmQJZYZu8UOdX3CAzFVy5EfYYci8-_Ovq1tsqhDlijrtq7HSgOoP57zlcxMNmv3mPN42G5-Hpd1hrJ7yBFqZ2rrv1VpExFOwZKwOotrO5i5i3qfUgCsCsUcMbfXNR8SbWfA', 16, 3, '2018-08-28 01:18:54'),
(13, 'd6aHNIU_ySM:APA91bHmuT6SM1zUivCYkheOrjtpB8lUvShEUtJZ3cplSZyualbtNvrtLwlrBwPszNtElcd4mpAH5BXRyS-M9VLceGJ1iQvywrFyX2T-euhhfzmY3mLBTGEjuPnvISz2AqRJtMheaPMh', 3, 3, '2018-09-25 14:11:21'),
(14, 'dpq8ToccjAA:APA91bGqsCLu9XXnDyEQ22yK_NuF85vdCZVCHFPY31TE7Sv7y-WjxrZFhtxkJ5VGWvDgwjrZAYIaxE1IOI_h2DA7mnrGmlk5-KdLh_BVp7sa7_jkSE7t2chjcst15g9jXavr1u0ub6nHZKVm6osdZfQAJ3-d2V7Sfg', 19, 3, '2018-09-28 16:34:51'),
(15, 'dvdmGgvtwJw:APA91bGHXNgSBf9Ch1QzYgwgDm-HKJpCqhe_SKByQy_gFZGYNM7e4SEHJiIQSfBA9GR1cQONjC7ejGsHP_9R-JTLB461D940IfIsxCRSuPp67SmQd_RrWS_9vnquzucZHByCyapws6Px', 20, 3, '2018-10-01 13:41:52'),
(16, 'c3_AVFFBkuM:APA91bFfdpWiLEkhc-tOSblkQfkgc1XCObgeaxm4WdMLaL_02ULgLnj4n5b_MODzWAMjtlrFmtc8HmK-YWUsQE80ggDWVT2OKaBeXN-nsylcjZG9uYT4b8UMBlzB65ws1nGyrd1aSpra', 21, 3, '2018-10-02 13:15:39');

-- --------------------------------------------------------

--
-- Estrutura da tabela `compra_ingresso`
--

CREATE TABLE `compra_ingresso` (
  `id_compra_ingresso` int(11) NOT NULL,
  `descricao` varchar(60) DEFAULT NULL,
  `fk_ingresso` int(11) NOT NULL,
  `data_compra` timestamp NOT NULL DEFAULT CURRENT_TIMESTAMP,
  `valor` double NOT NULL,
  `code_pagamento` text,
  `fk_pacote` int(11) NOT NULL
) ENGINE=InnoDB DEFAULT CHARSET=utf8;

--
-- Extraindo dados da tabela `compra_ingresso`
--

INSERT INTO `compra_ingresso` (`id_compra_ingresso`, `descricao`, `fk_ingresso`, `data_compra`, `valor`, `code_pagamento`, `fk_pacote`) VALUES
(1, NULL, 1, '2018-07-31 17:32:01', 0, NULL, 4),
(2, NULL, 2, '2018-07-31 17:32:41', 0, NULL, 4),
(3, NULL, 3, '2018-07-31 17:41:57', 0, NULL, 4),
(4, NULL, 4, '2018-08-07 17:46:31', 0, NULL, 8),
(5, NULL, 5, '2018-08-07 18:14:37', 0, NULL, 2),
(6, NULL, 6, '2018-08-07 18:14:47', 0, NULL, 8),
(7, NULL, 7, '2018-08-07 18:16:01', 0, NULL, 8),
(8, NULL, 8, '2018-08-07 18:16:44', 0, NULL, 8),
(9, NULL, 9, '2018-08-07 18:17:34', 0, NULL, 8),
(10, NULL, 10, '2018-08-07 18:19:58', 0, NULL, 2),
(11, NULL, 11, '2018-08-19 00:45:05', 0, NULL, 2),
(12, NULL, 12, '2018-08-19 01:14:26', 0, NULL, 2),
(13, NULL, 13, '2018-08-20 04:59:33', 0, NULL, 9),
(14, NULL, 14, '2018-08-20 23:11:12', 0, NULL, 9),
(15, NULL, 15, '2018-08-20 23:11:24', 0, NULL, 8),
(16, NULL, 16, '2018-08-20 23:11:26', 0, NULL, 7),
(17, NULL, 17, '2018-08-20 23:11:28', 0, NULL, 6),
(18, NULL, 18, '2018-08-20 23:11:30', 0, NULL, 4),
(19, NULL, 19, '2018-08-20 23:11:32', 0, NULL, 2),
(20, NULL, 20, '2018-08-21 14:25:06', 0, NULL, 2),
(21, NULL, 21, '2018-08-21 14:25:50', 0, NULL, 9),
(22, NULL, 22, '2018-08-21 14:35:55', 0, NULL, 2),
(23, NULL, 23, '2018-08-21 14:56:41', 0, NULL, 4),
(24, NULL, 24, '2018-08-21 15:01:32', 0, NULL, 2),
(25, NULL, 25, '2018-08-27 14:43:14', 0, NULL, 2),
(26, NULL, 26, '2018-08-27 14:43:35', 0, NULL, 2),
(27, NULL, 27, '2018-08-27 20:09:02', 0, NULL, 6),
(28, NULL, 28, '2018-09-11 22:18:41', 0, NULL, 4),
(29, NULL, 29, '2018-09-28 15:40:37', 0, NULL, 2),
(30, NULL, 30, '2018-09-28 16:35:11', 0, NULL, 2),
(31, NULL, 31, '2018-10-02 13:35:20', 0, NULL, 2),
(32, NULL, 32, '2018-10-02 13:52:16', 0, NULL, 6);

-- --------------------------------------------------------

--
-- Estrutura da tabela `hist_compra_pacotes`
--

CREATE TABLE `hist_compra_pacotes` (
  `id_hist_compra_pacotes` int(11) NOT NULL,
  `fk_compra_pacotes` int(11) DEFAULT NULL,
  `id` int(11) DEFAULT NULL,
  `transaction_amount` double DEFAULT NULL,
  `total_paid_amount` double DEFAULT NULL,
  `shipping_cost` double DEFAULT NULL,
  `currency_id` varchar(3) DEFAULT NULL,
  `status` text,
  `status_detail` text,
  `operation_type` text,
  `date_approved` timestamp NOT NULL DEFAULT '0000-00-00 00:00:00',
  `date_created` timestamp NOT NULL DEFAULT '0000-00-00 00:00:00',
  `last_modified` timestamp NOT NULL DEFAULT '0000-00-00 00:00:00',
  `amount_refunded` int(11) DEFAULT NULL
) ENGINE=InnoDB DEFAULT CHARSET=utf8;

-- --------------------------------------------------------

--
-- Estrutura da tabela `pacote_ingresso`
--

CREATE TABLE `pacote_ingresso` (
  `id_pacote_ingresso` int(11) NOT NULL,
  `descricao_pacote` varchar(45) NOT NULL,
  `quantidade_ingresso` int(11) NOT NULL,
  `valor_pacote` double NOT NULL,
  `gratis` tinyint(4) NOT NULL DEFAULT '0'
) ENGINE=InnoDB DEFAULT CHARSET=utf8;

--
-- Extraindo dados da tabela `pacote_ingresso`
--

INSERT INTO `pacote_ingresso` (`id_pacote_ingresso`, `descricao_pacote`, `quantidade_ingresso`, `valor_pacote`, `gratis`) VALUES
(1, 'Pacote 1', 50, 50, 0),
(2, 'Pacote 2', 100, 100, 0),
(3, 'Pacote 3', 150, 150, 0),
(4, 'Pacote Free', 100, 0, 1),
(5, 'Teste William', 1, 1, 0),
(6, 'Ingresso 002', 500, 0, 1),
(7, 'Teste 18', 55, 0, 1),
(8, 'Teste 77', 100, 0, 1),
(9, 'William teste ', 500, 0, 1);

-- --------------------------------------------------------

--
-- Estrutura da tabela `sala_leilao`
--

CREATE TABLE `sala_leilao` (
  `id_sala_leilao` int(11) NOT NULL,
  `fk_leilao` int(11) DEFAULT NULL,
  `fk_usuario` int(11) DEFAULT NULL,
  `custo_entrada` int(11) DEFAULT NULL
) ENGINE=InnoDB DEFAULT CHARSET=utf8;

--
-- Extraindo dados da tabela `sala_leilao`
--

INSERT INTO `sala_leilao` (`id_sala_leilao`, `fk_leilao`, `fk_usuario`, `custo_entrada`) VALUES
(1, 1, 3, NULL),
(2, 1, 4, NULL),
(3, 2, 4, NULL),
(4, 2, 3, NULL),
(5, 1, 2, NULL),
(6, 3, 3, NULL),
(7, 4, 3, NULL),
(8, 5, 3, NULL),
(9, 6, 3, NULL),
(10, 7, 3, NULL),
(11, 9, 3, NULL),
(12, 8, 3, NULL),
(13, 14, 3, NULL),
(14, 15, 3, NULL),
(15, 14, 2, NULL),
(16, 2, 2, NULL),
(17, 8, 2, NULL),
(18, 5, 2, NULL),
(19, 3, 2, NULL),
(20, 19, 3, NULL),
(21, 21, 3, NULL),
(22, 22, 3, NULL),
(23, 23, 3, NULL),
(24, 24, 3, NULL),
(25, 25, 3, NULL),
(26, 26, 5, NULL),
(27, 24, 5, NULL),
(28, 22, 5, NULL),
(29, 18, 5, NULL),
(30, 27, 11, NULL),
(31, 26, 11, NULL),
(32, 25, 5, NULL),
(33, 25, 11, NULL),
(34, 21, 5, NULL),
(35, 21, 11, NULL),
(36, 22, 11, NULL),
(37, 24, 11, NULL),
(38, 18, 11, NULL),
(39, 15, 11, NULL),
(40, 23, 11, NULL),
(41, 19, 11, NULL),
(42, 27, 8, NULL),
(43, 15, 2, NULL),
(44, 19, 2, NULL),
(45, 19, 5, NULL),
(46, 1, 5, NULL),
(47, 1, 13, NULL),
(48, 27, 13, NULL),
(49, 19, 13, NULL),
(50, 2, 13, NULL),
(51, 3, 13, NULL),
(52, 4, 13, NULL),
(53, 5, 13, NULL),
(54, 6, 13, NULL),
(55, 7, 13, NULL),
(56, 9, 13, NULL),
(57, 1, 12, NULL),
(58, 19, 12, NULL),
(59, 28, 12, NULL),
(60, 30, 12, NULL),
(61, 29, 12, NULL),
(62, 32, 11, NULL),
(63, 30, 5, NULL),
(64, 29, 5, NULL),
(65, 29, 11, NULL),
(66, 5, 5, NULL),
(67, 7, 5, NULL),
(68, 35, 5, NULL),
(69, 35, 12, NULL),
(70, 7, 2, NULL),
(71, 28, 11, NULL),
(72, 39, 12, NULL),
(73, 39, 5, NULL),
(74, 39, 11, NULL),
(75, 3, 5, NULL),
(76, 28, 5, NULL),
(77, 29, 2, NULL),
(78, 28, 2, NULL),
(79, 9, 2, NULL),
(80, 30, 15, NULL),
(81, 30, 10, NULL),
(82, 3, 10, NULL),
(83, 28, 10, NULL),
(84, 28, 17, NULL),
(85, 30, 17, NULL),
(86, 3, 17, NULL),
(87, 4, 17, NULL),
(88, 9, 17, NULL),
(89, 5, 17, NULL),
(90, 6, 17, NULL),
(91, 32, 17, NULL),
(92, 9, 10, NULL),
(93, 4, 10, NULL),
(94, 6, 10, NULL),
(95, 41, 10, NULL),
(96, 34, 17, NULL),
(97, 41, 17, NULL),
(98, 42, 10, NULL),
(99, 42, 17, NULL),
(100, 31, 5, NULL),
(101, 34, 5, NULL),
(102, 41, 5, NULL),
(103, 31, 17, NULL),
(104, 43, 5, NULL),
(105, 40, 17, NULL),
(106, 38, 17, NULL),
(107, 43, 17, NULL),
(108, 33, 5, NULL),
(109, 38, 12, NULL),
(110, 40, 12, NULL),
(111, 36, 12, NULL),
(112, 48, 3, NULL),
(113, 47, 3, NULL),
(114, 46, 3, NULL),
(115, 40, 3, NULL),
(116, 49, 3, NULL),
(117, 50, 3, NULL),
(118, 51, 3, NULL),
(119, 52, 3, NULL),
(120, 53, 3, NULL),
(121, 52, 5, NULL),
(122, 51, 5, NULL),
(123, 4, 5, NULL),
(124, 53, 5, NULL),
(125, 50, 5, NULL),
(126, 49, 5, NULL),
(127, 54, 5, NULL),
(128, 54, 7, NULL),
(129, 53, 7, NULL),
(130, 52, 7, NULL),
(131, 51, 7, NULL),
(132, 50, 7, NULL),
(133, 55, 7, NULL),
(134, 56, 7, NULL),
(135, 56, 5, NULL),
(136, 57, 7, NULL),
(137, 57, 19, NULL),
(138, 55, 19, NULL),
(139, 56, 19, NULL),
(140, 53, 17, NULL),
(141, 46, 7, NULL),
(142, 40, 7, NULL),
(143, 51, 19, NULL),
(144, 52, 19, NULL),
(145, 46, 19, NULL),
(146, 54, 19, NULL),
(147, 62, 5, NULL),
(148, 62, 7, NULL),
(149, 62, 21, NULL),
(150, 47, 21, NULL),
(151, 40, 21, NULL),
(152, 48, 21, NULL),
(153, 38, 21, NULL),
(154, 34, 21, NULL),
(155, 50, 21, NULL),
(156, 49, 21, NULL),
(157, 4, 21, NULL);

-- --------------------------------------------------------

--
-- Estrutura da tabela `seg_aplicacao`
--

CREATE TABLE `seg_aplicacao` (
  `id_aplicacao` int(11) NOT NULL,
  `link_aplicacao` varchar(100) NOT NULL,
  `titulo_aplicacao` varchar(100) NOT NULL,
  `descricao_aplicacao` text NOT NULL,
  `fk_controller` int(11) DEFAULT NULL
) ENGINE=InnoDB DEFAULT CHARSET=utf8;

--
-- Extraindo dados da tabela `seg_aplicacao`
--

INSERT INTO `seg_aplicacao` (`id_aplicacao`, `link_aplicacao`, `titulo_aplicacao`, `descricao_aplicacao`, `fk_controller`) VALUES
(1, 'seguranca/view_editar_perfil', 'Editar Perfil', 'Editar Perfil', 2),
(2, 'seguranca/view_usuarios', 'Listar Usuários ADM', 'Listar Usuários ADM', 2),
(3, 'seguranca/view_grupos', 'Listar Grupos', 'Listar Grupos', 3),
(4, 'seguranca/view_editar_grupo', 'Editar Grupo', 'Editar Grupo', 3),
(5, 'seguranca/view_editar_usuario', 'Editar Usuário', 'Editar Usuários', 2),
(6, 'seguranca/view_novo_grupo', 'Novo Grupo', 'Novo Grupo', 3),
(7, 'seguranca/view_novo_usuario', 'Novo Usuário', 'Novo Usuários', 2),
(8, 'notificacoes/view_notificacoes', 'Notificações', 'Notificações', 4),
(9, 'notificacoes/view_hist_notificacoes', 'Minhas Notificações', 'Minhas Notificações', 4),
(10, 'notificacoes/view_notificar', 'Nova Notificação', 'Nova Notificação', 4),
(11, 'notificacoes/view_editar_notificacao', 'Editar Notificação', 'Editar Notificação', 4),
(12, 'relatorios/view_relatorio_acesso', 'Acessos', 'Relatório dos Acessos', 5),
(13, 'relatorios/view_relatorio_navegacao', 'Navegação', 'Relatório de Navegação', 5),
(14, 'relatorios/view_relatorio_edicoes', 'Edições', 'Relatório de Edições', 5),
(15, 'categorias/view_categorias', 'Categorias', 'Categorias', 6),
(16, 'leilao/view_lista_leilao_pendente', 'Leilões Pendentes', 'View para listar leilões pendentes de aprovação', 7),
(17, 'leilao/view_lista_leilao_ativo', 'Leilões Ativos', 'Leilões Ativos', 7),
(18, 'leilao/view_lista_leilao_finalizado', 'Leilões Finalizados', 'Leilões Finalizados', 7),
(19, 'leilao/view_lista_leiloes', 'Todos Leilões', 'Listar todos leilões', 7),
(20, 'leilao/view_novo_leiloes', 'Criar Leilões', 'Criar leilões', 7),
(21, 'produto/view_lista_produtos', 'Todos produtos', 'Todos produtos', 8),
(22, 'produto/view_novo_produto', 'Criar produto', 'Criar produto', 8),
(23, 'produto/view_editar_produto', 'Editar produto', 'Editar produto', 8),
(24, 'pacote/view_lista_pacotes', 'Todos pacotes', 'Todos pacotes', 9),
(25, 'pacote/view_novo_pacote', 'Criar pacote', 'Criar pacote', 9),
(26, 'pacote/view_editar_pacote', 'Editar pacote', 'Editar pacote', 9),
(27, 'seguranca/view_usuarios_geral', 'Listar Geral Usuários', 'Listar Usuários ADM', 2),
(28, 'leilao/view_editar_leilao', 'Editar Leilões', 'Editar leilões', 7),
(29, 'produto/view_listar_recompensas', 'Recompensas', 'Recompensas', 8),
(30, 'pacote/view_vendas_pacote', 'Vendas pacote', 'Vendas pacote', 9);

-- --------------------------------------------------------

--
-- Estrutura da tabela `seg_aplicacoes_grupos`
--

CREATE TABLE `seg_aplicacoes_grupos` (
  `id_aplicacoes_grupos` int(11) NOT NULL,
  `fk_grupo` int(11) NOT NULL,
  `fk_aplicacao` int(11) NOT NULL
) ENGINE=InnoDB DEFAULT CHARSET=utf8;

--
-- Extraindo dados da tabela `seg_aplicacoes_grupos`
--

INSERT INTO `seg_aplicacoes_grupos` (`id_aplicacoes_grupos`, `fk_grupo`, `fk_aplicacao`) VALUES
(1, 1, 1),
(2, 1, 2),
(3, 1, 5),
(4, 1, 6),
(5, 1, 7),
(6, 1, 10),
(7, 1, 15),
(8, 1, 16),
(9, 1, 17),
(10, 1, 18),
(11, 1, 19),
(12, 1, 20),
(13, 1, 21),
(14, 1, 22),
(15, 1, 23),
(16, 1, 24),
(17, 1, 25),
(18, 1, 26),
(19, 1, 27),
(20, 1, 28),
(21, 1, 29),
(22, 1, 30);

-- --------------------------------------------------------

--
-- Estrutura da tabela `seg_aplicacoes_menu`
--

CREATE TABLE `seg_aplicacoes_menu` (
  `id_aplicacoes_menu` int(11) NOT NULL,
  `fk_aplicacao` int(11) NOT NULL,
  `fk_menu` int(11) NOT NULL
) ENGINE=InnoDB DEFAULT CHARSET=utf8;

--
-- Extraindo dados da tabela `seg_aplicacoes_menu`
--

INSERT INTO `seg_aplicacoes_menu` (`id_aplicacoes_menu`, `fk_aplicacao`, `fk_menu`) VALUES
(1, 1, 2),
(2, 2, 3),
(3, 3, 4),
(4, 8, 5),
(5, 9, 6),
(6, 10, 6),
(7, 12, 8),
(8, 13, 9),
(9, 14, 10),
(10, 15, 11),
(11, 16, 13),
(12, 17, 14),
(13, 18, 15),
(14, 19, 16),
(15, 20, 17),
(16, 21, 19),
(17, 22, 20),
(18, 24, 22),
(19, 25, 23),
(20, 27, 24),
(21, 29, 25),
(22, 30, 27);

-- --------------------------------------------------------

--
-- Estrutura da tabela `seg_controllers`
--

CREATE TABLE `seg_controllers` (
  `id_controller` int(11) NOT NULL,
  `link_controller` varchar(100) NOT NULL,
  `descricao_controller` text NOT NULL,
  `fk_model` int(11) DEFAULT NULL
) ENGINE=InnoDB DEFAULT CHARSET=utf8;

--
-- Extraindo dados da tabela `seg_controllers`
--

INSERT INTO `seg_controllers` (`id_controller`, `link_controller`, `descricao_controller`, `fk_model`) VALUES
(1, 'Main', 'Responsável pelo gerênciamento do acesso ao sistema.', 2),
(2, 'Controller_usuarios', 'Responsável pelo gerênciamento dos usuários.', 3),
(3, 'Controller_grupos', 'Responsável pelo gerênciamento dos grupos.', 4),
(4, 'Controller_notificacoes', 'Controller Notificações', 5),
(5, 'Controller_relatorios', 'Relatórios', 6),
(6, 'Controller_categorias', 'Controller categorias', 7),
(7, 'Controller_leiloes', 'Controller leilões', 8),
(8, 'Controller_produtos', 'Controller produtos', 9),
(9, 'Controller_pacotes', 'Controller pacotes', 10);

-- --------------------------------------------------------

--
-- Estrutura da tabela `seg_grupos`
--

CREATE TABLE `seg_grupos` (
  `id_grupo` int(11) NOT NULL COMMENT 'ID Grupo',
  `nome_grupo` varchar(100) NOT NULL COMMENT 'Nome Grupo',
  `descricao_grupo` text NOT NULL COMMENT 'Descrição Grupo',
  `usuario_criou_grupo` int(11) DEFAULT NULL COMMENT 'Usuário que criou',
  `ativo_grupo` tinyint(1) NOT NULL COMMENT 'Status Grupo',
  `criacao_grupo` timestamp NOT NULL DEFAULT CURRENT_TIMESTAMP COMMENT 'Data Criação'
) ENGINE=InnoDB DEFAULT CHARSET=utf8;

--
-- Extraindo dados da tabela `seg_grupos`
--

INSERT INTO `seg_grupos` (`id_grupo`, `nome_grupo`, `descricao_grupo`, `usuario_criou_grupo`, `ativo_grupo`, `criacao_grupo`) VALUES
(1, 'Administradores', 'Administradores do sistema', NULL, 1, '2018-07-31 17:04:02'),
(2, 'Gernciamento', 'Gernciamento de painel', NULL, 1, '2018-07-31 17:04:02'),
(3, 'Clientes', 'Clientes', NULL, 1, '2018-07-31 17:04:02');

-- --------------------------------------------------------

--
-- Estrutura da tabela `seg_log_acesso`
--

CREATE TABLE `seg_log_acesso` (
  `id_log_acesso` int(11) NOT NULL,
  `fk_usuario` int(11) DEFAULT NULL,
  `data_log_acesso` timestamp NOT NULL DEFAULT CURRENT_TIMESTAMP,
  `ip_usuario_acesso` varchar(16) DEFAULT NULL,
  `acesso` tinyint(1) DEFAULT NULL,
  `maquina_usuario_acesso` text
) ENGINE=InnoDB DEFAULT CHARSET=utf8;

--
-- Extraindo dados da tabela `seg_log_acesso`
--

INSERT INTO `seg_log_acesso` (`id_log_acesso`, `fk_usuario`, `data_log_acesso`, `ip_usuario_acesso`, `acesso`, `maquina_usuario_acesso`) VALUES
(1, 1, '2018-07-31 17:06:31', '187.22.131.71', 1, 'Mozilla/5.0 (X11; Linux x86_64) AppleWebKit/537.36 (KHTML, like Gecko) Chrome/68.0.3440.75 Safari/537.36'),
(2, 1, '2018-07-31 17:13:26', '187.22.131.71', 1, 'Mozilla/5.0 (Windows NT 10.0; Win64; x64) AppleWebKit/537.36 (KHTML, like Gecko) Chrome/63.0.3239.132 Safari/537.36'),
(3, 1, '2018-07-31 17:21:56', '187.22.131.71', 1, 'Mozilla/5.0 (X11; Linux x86_64) AppleWebKit/537.36 (KHTML, like Gecko) Chrome/68.0.3440.75 Safari/537.36'),
(4, NULL, '2018-07-31 17:24:14', '187.22.131.71', 0, 'Mozilla/5.0 (Windows NT 10.0; Win64; x64) AppleWebKit/537.36 (KHTML, like Gecko) Chrome/63.0.3239.132 Safari/537.36'),
(5, 1, '2018-07-31 17:24:17', '187.22.131.71', 1, 'Mozilla/5.0 (Windows NT 10.0; Win64; x64) AppleWebKit/537.36 (KHTML, like Gecko) Chrome/63.0.3239.132 Safari/537.36'),
(6, 1, '2018-07-31 17:31:15', '187.22.131.71', 1, 'Mozilla/5.0 (X11; Linux x86_64) AppleWebKit/537.36 (KHTML, like Gecko) Chrome/68.0.3440.75 Safari/537.36'),
(7, 1, '2018-07-31 17:39:23', '187.22.131.71', 1, 'Mozilla/5.0 (Windows NT 10.0; Win64; x64) AppleWebKit/537.36 (KHTML, like Gecko) Chrome/63.0.3239.132 Safari/537.36'),
(8, 1, '2018-07-31 17:43:33', '187.22.131.71', 1, 'Mozilla/5.0 (X11; Linux x86_64) AppleWebKit/537.36 (KHTML, like Gecko) Chrome/68.0.3440.75 Safari/537.36'),
(9, 1, '2018-07-31 17:50:17', '187.22.131.71', 1, 'Mozilla/5.0 (Windows NT 10.0; Win64; x64) AppleWebKit/537.36 (KHTML, like Gecko) Chrome/63.0.3239.132 Safari/537.36'),
(10, 1, '2018-07-31 18:50:42', '187.22.131.71', 0, 'Mozilla/5.0 (X11; Linux x86_64) AppleWebKit/537.36 (KHTML, like Gecko) Chrome/68.0.3440.75 Safari/537.36'),
(11, 1, '2018-07-31 18:50:46', '187.22.131.71', 1, 'Mozilla/5.0 (X11; Linux x86_64) AppleWebKit/537.36 (KHTML, like Gecko) Chrome/68.0.3440.75 Safari/537.36'),
(12, 1, '2018-07-31 19:20:54', '187.22.131.71', 1, 'Mozilla/5.0 (Windows NT 10.0; Win64; x64) AppleWebKit/537.36 (KHTML, like Gecko) Chrome/63.0.3239.132 Safari/537.36'),
(13, 1, '2018-07-31 19:25:53', '187.22.131.71', 1, 'Mozilla/5.0 (X11; Linux x86_64) AppleWebKit/537.36 (KHTML, like Gecko) Chrome/68.0.3440.75 Safari/537.36'),
(14, NULL, '2018-08-01 12:48:24', '187.22.131.71', 0, 'Mozilla/5.0 (Windows NT 10.0; Win64; x64) AppleWebKit/537.36 (KHTML, like Gecko) Chrome/63.0.3239.132 Safari/537.36'),
(15, 1, '2018-08-01 18:08:17', '191.39.12.98', 1, 'Mozilla/5.0 (Linux; Android 7.0; Moto G (5) Plus Build/NPNS25.137-92-14) AppleWebKit/537.36 (KHTML, like Gecko) Chrome/68.0.3440.70 Mobile Safari/537.36'),
(16, NULL, '2018-08-01 18:18:58', '187.22.131.71', 0, 'Mozilla/5.0 (Windows NT 10.0; Win64; x64) AppleWebKit/537.36 (KHTML, like Gecko) Chrome/63.0.3239.132 Safari/537.36'),
(17, NULL, '2018-08-01 18:19:42', '187.22.131.71', 0, 'Mozilla/5.0 (Windows NT 10.0; Win64; x64) AppleWebKit/537.36 (KHTML, like Gecko) Chrome/63.0.3239.132 Safari/537.36'),
(18, 1, '2018-08-01 18:19:46', '187.22.131.71', 1, 'Mozilla/5.0 (Windows NT 10.0; Win64; x64) AppleWebKit/537.36 (KHTML, like Gecko) Chrome/63.0.3239.132 Safari/537.36'),
(19, 1, '2018-08-01 18:23:13', '187.22.131.71', 1, 'Mozilla/5.0 (X11; Linux x86_64) AppleWebKit/537.36 (KHTML, like Gecko) Chrome/68.0.3440.75 Safari/537.36'),
(20, 1, '2018-08-01 18:31:59', '187.22.131.71', 1, 'Mozilla/5.0 (Windows NT 10.0; Win64; x64) AppleWebKit/537.36 (KHTML, like Gecko) Chrome/63.0.3239.132 Safari/537.36'),
(21, 1, '2018-08-01 18:37:17', '187.22.131.71', 1, 'Mozilla/5.0 (X11; Linux x86_64) AppleWebKit/537.36 (KHTML, like Gecko) Chrome/68.0.3440.75 Safari/537.36'),
(22, 1, '2018-08-01 18:38:03', '187.22.131.71', 1, 'Mozilla/5.0 (Windows NT 10.0; Win64; x64) AppleWebKit/537.36 (KHTML, like Gecko) Chrome/63.0.3239.132 Safari/537.36'),
(23, 1, '2018-08-01 19:11:53', '187.22.131.71', 1, 'Mozilla/5.0 (X11; Linux x86_64) AppleWebKit/537.36 (KHTML, like Gecko) Chrome/68.0.3440.75 Safari/537.36'),
(24, NULL, '2018-08-01 19:15:55', '187.22.131.71', 0, 'Mozilla/5.0 (Windows NT 10.0; Win64; x64) AppleWebKit/537.36 (KHTML, like Gecko) Chrome/63.0.3239.132 Safari/537.36'),
(25, 1, '2018-08-01 19:41:51', '187.22.131.71', 1, 'Mozilla/5.0 (Windows NT 10.0; Win64; x64) AppleWebKit/537.36 (KHTML, like Gecko) Chrome/63.0.3239.132 Safari/537.36'),
(26, 1, '2018-08-02 13:16:16', '187.22.131.71', 1, 'Mozilla/5.0 (X11; Linux x86_64) AppleWebKit/537.36 (KHTML, like Gecko) Chrome/68.0.3440.84 Safari/537.36'),
(27, NULL, '2018-08-02 13:37:42', '187.22.131.71', 0, 'Mozilla/5.0 (Windows NT 10.0; Win64; x64) AppleWebKit/537.36 (KHTML, like Gecko) Chrome/63.0.3239.132 Safari/537.36'),
(28, 1, '2018-08-02 13:37:44', '187.22.131.71', 1, 'Mozilla/5.0 (Windows NT 10.0; Win64; x64) AppleWebKit/537.36 (KHTML, like Gecko) Chrome/63.0.3239.132 Safari/537.36'),
(29, NULL, '2018-08-03 11:27:20', '66.249.83.222', 0, 'Mozilla/5.0 (X11; Linux x86_64) AppleWebKit/537.36 (KHTML, like Gecko) Chrome/49.0.2623.75 Safari/537.36 Google Favicon'),
(30, NULL, '2018-08-04 13:46:03', '66.249.88.2', 0, 'Mozilla/5.0 (X11; Linux x86_64) AppleWebKit/537.36 (KHTML, like Gecko) Chrome/49.0.2623.75 Safari/537.36 Google Favicon'),
(31, 1, '2018-08-04 23:48:36', '191.39.14.71', 1, 'Mozilla/5.0 (Linux; Android 7.0; Moto G (5) Plus Build/NPNS25.137-92-14) AppleWebKit/537.36 (KHTML, like Gecko) Chrome/68.0.3440.70 Mobile Safari/537.36'),
(32, NULL, '2018-08-05 14:40:50', '66.249.88.2', 0, 'Mozilla/5.0 (X11; Linux x86_64) AppleWebKit/537.36 (KHTML, like Gecko) Chrome/49.0.2623.75 Safari/537.36 Google Favicon'),
(33, 1, '2018-08-05 18:32:53', '191.39.35.217', 1, 'Mozilla/5.0 (Linux; Android 7.0; Moto G (5) Plus Build/NPNS25.137-92-14) AppleWebKit/537.36 (KHTML, like Gecko) Chrome/68.0.3440.70 Mobile Safari/537.36'),
(34, NULL, '2018-08-05 18:56:20', '66.249.83.222', 0, 'Mozilla/5.0 (Linux; Android 4.2.1; en-us; Nexus 5 Build/JOP40D) AppleWebKit/535.19 (KHTML, like Gecko; googleweblight) Chrome/38.0.1025.166 Mobile Safari/535.19'),
(35, NULL, '2018-08-05 18:56:22', '66.249.83.223', 0, 'Mozilla/5.0 (Linux; U; Android 4.0.3; en-us; LG-L160L Build/IML74K) AppleWebkit/537.36 (KHTML, like Gecko) Version/4.0 Chrome/41.0.2272.118 Mobile Safari/537.36'),
(36, NULL, '2018-08-05 18:56:43', '66.249.83.221', 0, 'Mozilla/5.0 (Linux; U; Android 4.0.3; en-us; LG-L160L Build/IML74K) AppleWebkit/537.36 (KHTML, like Gecko) Version/4.0 Chrome/41.0.2272.118 Mobile Safari/537.36'),
(37, 1, '2018-08-06 11:40:31', '187.255.10.237', 1, 'Mozilla/5.0 (X11; Linux x86_64) AppleWebKit/537.36 (KHTML, like Gecko) Chrome/68.0.3440.84 Safari/537.36'),
(38, 1, '2018-08-06 12:05:32', '187.255.10.237', 0, 'Mozilla/5.0 (X11; Linux x86_64) AppleWebKit/537.36 (KHTML, like Gecko) Chrome/68.0.3440.84 Safari/537.36'),
(39, NULL, '2018-08-06 15:03:13', '66.249.83.222', 0, 'Mozilla/5.0 (X11; Linux x86_64) AppleWebKit/537.36 (KHTML, like Gecko) Chrome/49.0.2623.75 Safari/537.36 Google Favicon'),
(40, NULL, '2018-08-07 17:04:30', '66.249.83.222', 0, 'Mozilla/5.0 (X11; Linux x86_64) AppleWebKit/537.36 (KHTML, like Gecko) Chrome/49.0.2623.75 Safari/537.36 Google Favicon'),
(41, NULL, '2018-08-07 17:40:27', '187.255.10.237', 0, 'Mozilla/5.0 (Windows NT 10.0; Win64; x64) AppleWebKit/537.36 (KHTML, like Gecko) Chrome/63.0.3239.132 Safari/537.36'),
(42, 1, '2018-08-07 17:40:38', '187.255.10.237', 1, 'Mozilla/5.0 (Windows NT 10.0; Win64; x64) AppleWebKit/537.36 (KHTML, like Gecko) Chrome/63.0.3239.132 Safari/537.36'),
(43, 1, '2018-08-07 17:53:41', '187.255.10.237', 0, 'Mozilla/5.0 (Windows NT 10.0; Win64; x64) AppleWebKit/537.36 (KHTML, like Gecko) Chrome/63.0.3239.132 Safari/537.36'),
(44, 1, '2018-08-07 18:46:39', '187.255.10.237', 1, 'Mozilla/5.0 (Windows NT 10.0; Win64; x64) AppleWebKit/537.36 (KHTML, like Gecko) Chrome/63.0.3239.132 Safari/537.36'),
(45, NULL, '2018-08-08 19:01:23', '66.249.83.222', 0, 'Mozilla/5.0 (X11; Linux x86_64) AppleWebKit/537.36 (KHTML, like Gecko) Chrome/49.0.2623.75 Safari/537.36 Google Favicon'),
(46, NULL, '2018-08-09 19:06:41', '66.249.83.223', 0, 'Mozilla/5.0 (X11; Linux x86_64) AppleWebKit/537.36 (KHTML, like Gecko) Chrome/49.0.2623.75 Safari/537.36 Google Favicon'),
(47, NULL, '2018-08-11 12:16:49', '66.249.83.223', 0, 'Mozilla/5.0 (X11; Linux x86_64) AppleWebKit/537.36 (KHTML, like Gecko) Chrome/49.0.2623.75 Safari/537.36 Google Favicon'),
(48, 1, '2018-08-12 13:19:17', '177.140.74.201', 1, 'Mozilla/5.0 (Linux; Android 7.0; Moto G (4) Build/NPJS25.93-14-18) AppleWebKit/537.36 (KHTML, like Gecko) Chrome/68.0.3440.91 Mobile Safari/537.36'),
(49, NULL, '2018-08-12 15:05:00', '66.249.88.89', 0, 'Mozilla/5.0 (X11; Linux x86_64) AppleWebKit/537.36 (KHTML, like Gecko) Chrome/49.0.2623.75 Safari/537.36 Google Favicon'),
(50, NULL, '2018-08-13 16:24:01', '66.249.83.53', 0, 'Mozilla/5.0 (X11; Linux x86_64) AppleWebKit/537.36 (KHTML, like Gecko) Chrome/49.0.2623.75 Safari/537.36 Google Favicon'),
(51, 1, '2018-08-14 14:32:13', '187.255.10.237', 1, 'Mozilla/5.0 (Windows NT 10.0; Win64; x64) AppleWebKit/537.36 (KHTML, like Gecko) Chrome/68.0.3440.106 Safari/537.36'),
(52, 1, '2018-08-14 14:32:33', '187.255.10.237', 0, 'Mozilla/5.0 (Windows NT 10.0; Win64; x64) AppleWebKit/537.36 (KHTML, like Gecko) Chrome/68.0.3440.106 Safari/537.36'),
(53, NULL, '2018-08-14 16:39:44', '66.249.83.55', 0, 'Mozilla/5.0 (X11; Linux x86_64) AppleWebKit/537.36 (KHTML, like Gecko) Chrome/49.0.2623.75 Safari/537.36 Google Favicon'),
(54, NULL, '2018-08-15 17:05:44', '66.249.83.53', 0, 'Mozilla/5.0 (X11; Linux x86_64) AppleWebKit/537.36 (KHTML, like Gecko) Chrome/49.0.2623.75 Safari/537.36 Google Favicon'),
(55, NULL, '2018-08-15 17:17:28', '187.255.10.237', 0, 'Mozilla/5.0 (Windows NT 10.0; Win64; x64) AppleWebKit/537.36 (KHTML, like Gecko) Chrome/63.0.3239.132 Safari/537.36'),
(56, 1, '2018-08-15 20:43:20', '191.39.35.191', 1, 'Mozilla/5.0 (Linux; Android 7.0; Moto G (5) Plus Build/NPNS25.137-92-14) AppleWebKit/537.36 (KHTML, like Gecko) Chrome/68.0.3440.91 Mobile Safari/537.36'),
(57, NULL, '2018-08-16 17:19:12', '66.249.83.57', 0, 'Mozilla/5.0 (X11; Linux x86_64) AppleWebKit/537.36 (KHTML, like Gecko) Chrome/49.0.2623.75 Safari/537.36 Google Favicon'),
(58, NULL, '2018-08-17 20:08:39', '66.249.83.221', 0, 'Mozilla/5.0 (X11; Linux x86_64) AppleWebKit/537.36 (KHTML, like Gecko) Chrome/49.0.2623.75 Safari/537.36 Google Favicon'),
(59, 1, '2018-08-18 22:22:00', '191.39.35.91', 1, 'Mozilla/5.0 (Linux; Android 7.0; Moto G (5) Plus Build/NPNS25.137-92-14) AppleWebKit/537.36 (KHTML, like Gecko) Chrome/68.0.3440.91 Mobile Safari/537.36'),
(60, NULL, '2018-08-19 01:00:32', '66.249.85.2', 0, 'Mozilla/5.0 (Linux; Android 7.0; Moto G (5) Plus Build/NPNS25.137-92-14) AppleWebKit/537.36 (KHTML, like Gecko) Chrome/68.0.3440.91 Mobile Safari/537.36'),
(61, NULL, '2018-08-19 01:00:34', '66.249.85.2', 0, 'Mozilla/5.0 (Linux; Android 7.0; Moto G (5) Plus Build/NPNS25.137-92-14) AppleWebKit/537.36 (KHTML, like Gecko) Chrome/68.0.3440.91 Mobile Safari/537.36'),
(62, 1, '2018-08-19 01:00:37', '191.39.35.91', 1, 'Mozilla/5.0 (Linux; Android 7.0; Moto G (5) Plus Build/NPNS25.137-92-14) AppleWebKit/537.36 (KHTML, like Gecko) Chrome/68.0.3440.91 Mobile Safari/537.36'),
(63, NULL, '2018-08-19 01:29:54', '66.249.85.2', 0, 'Mozilla/5.0 (Linux; Android 7.0; Moto G (5) Plus Build/NPNS25.137-92-14) AppleWebKit/537.36 (KHTML, like Gecko) Chrome/68.0.3440.91 Mobile Safari/537.36'),
(64, NULL, '2018-08-19 02:19:46', '66.249.85.4', 0, 'Mozilla/5.0 (Linux; Android 7.0; Moto G (5) Plus Build/NPNS25.137-92-14) AppleWebKit/537.36 (KHTML, like Gecko) Chrome/68.0.3440.91 Mobile Safari/537.36'),
(65, 1, '2018-08-19 02:20:09', '179.136.223.164', 1, 'Mozilla/5.0 (Linux; Android 7.0; Moto G (5) Plus Build/NPNS25.137-92-14) AppleWebKit/537.36 (KHTML, like Gecko) Chrome/68.0.3440.91 Mobile Safari/537.36'),
(66, NULL, '2018-08-19 08:07:17', '66.249.85.31', 0, 'Mozilla/5.0 (Linux; Android 7.0; Moto G (5) Plus Build/NPNS25.137-92-14) AppleWebKit/537.36 (KHTML, like Gecko) Chrome/68.0.3440.91 Mobile Safari/537.36'),
(67, NULL, '2018-08-19 08:07:18', '66.249.85.2', 0, 'Mozilla/5.0 (Linux; Android 7.0; Moto G (5) Plus Build/NPNS25.137-92-14) AppleWebKit/537.36 (KHTML, like Gecko) Chrome/68.0.3440.91 Mobile Safari/537.36'),
(68, NULL, '2018-08-19 18:30:26', '66.249.88.85', 0, 'Mozilla/5.0 (X11; Linux x86_64) AppleWebKit/537.36 (KHTML, like Gecko) Chrome/49.0.2623.75 Safari/537.36 Google Favicon'),
(69, NULL, '2018-08-20 17:23:05', '187.255.10.237', 0, 'Mozilla/5.0 (Windows NT 10.0; Win64; x64) AppleWebKit/537.36 (KHTML, like Gecko) Chrome/68.0.3440.106 Safari/537.36'),
(70, NULL, '2018-08-20 19:47:03', '66.249.83.223', 0, 'Mozilla/5.0 (X11; Linux x86_64) AppleWebKit/537.36 (KHTML, like Gecko) Chrome/49.0.2623.75 Safari/537.36 Google Favicon'),
(71, 1, '2018-08-21 13:13:27', '191.39.23.147', 1, 'Mozilla/5.0 (Linux; Android 7.0; Moto G (5) Plus Build/NPNS25.137-92-14) AppleWebKit/537.36 (KHTML, like Gecko) Chrome/68.0.3440.91 Mobile Safari/537.36'),
(72, NULL, '2018-08-21 13:34:38', '66.249.85.31', 0, 'Mozilla/5.0 (Linux; Android 7.0; Moto G (4) Build/NPJS25.93-14-18) AppleWebKit/537.36 (KHTML, like Gecko) Chrome/68.0.3440.91 Mobile Safari/537.36'),
(73, 1, '2018-08-21 13:34:43', '187.255.10.237', 1, 'Mozilla/5.0 (Linux; Android 7.0; Moto G (4) Build/NPJS25.93-14-18) AppleWebKit/537.36 (KHTML, like Gecko) Chrome/68.0.3440.91 Mobile Safari/537.36'),
(74, 1, '2018-08-21 13:44:54', '191.39.23.147', 1, 'Mozilla/5.0 (Linux; Android 7.0; Moto G (5) Plus Build/NPNS25.137-92-14) AppleWebKit/537.36 (KHTML, like Gecko) Chrome/68.0.3440.91 Mobile Safari/537.36'),
(75, NULL, '2018-08-21 13:45:46', '66.249.85.4', 0, 'Mozilla/5.0 (X11; Linux x86_64) AppleWebKit/537.36 (KHTML, like Gecko) Chrome/68.0.3440.91 Safari/537.36'),
(76, 1, '2018-08-21 13:45:57', '187.255.10.237', 1, 'Mozilla/5.0 (X11; Linux x86_64) AppleWebKit/537.36 (KHTML, like Gecko) Chrome/68.0.3440.91 Safari/537.36'),
(77, 1, '2018-08-21 13:47:17', '191.39.23.147', 1, 'Mozilla/5.0 (Linux; Android 7.0; Moto G (5) Plus Build/NPNS25.137-92-14) AppleWebKit/537.36 (KHTML, like Gecko) Chrome/68.0.3440.91 Mobile Safari/537.36'),
(78, 1, '2018-08-21 13:48:14', '187.255.10.237', 1, 'Mozilla/5.0 (Windows NT 10.0; Win64; x64) AppleWebKit/537.36 (KHTML, like Gecko) Chrome/68.0.3440.106 Safari/537.36'),
(79, 1, '2018-08-21 14:03:03', '191.39.23.147', 1, 'Mozilla/5.0 (Linux; Android 7.0; Moto G (5) Plus Build/NPNS25.137-92-14) AppleWebKit/537.36 (KHTML, like Gecko) Chrome/68.0.3440.91 Mobile Safari/537.36'),
(80, NULL, '2018-08-21 14:03:11', '187.255.10.237', 0, 'Mozilla/5.0 (Windows NT 10.0; Win64; x64) AppleWebKit/537.36 (KHTML, like Gecko) Chrome/68.0.3440.106 Safari/537.36'),
(81, 1, '2018-08-21 14:03:19', '187.255.10.237', 1, 'Mozilla/5.0 (Windows NT 10.0; Win64; x64) AppleWebKit/537.36 (KHTML, like Gecko) Chrome/68.0.3440.106 Safari/537.36'),
(82, NULL, '2018-08-21 14:38:10', '66.249.85.4', 0, 'Mozilla/5.0 (Linux; Android 7.0; Moto G (5) Plus Build/NPNS25.137-92-14) AppleWebKit/537.36 (KHTML, like Gecko) Chrome/68.0.3440.91 Mobile Safari/537.36'),
(83, 1, '2018-08-21 14:38:11', '191.39.23.147', 1, 'Mozilla/5.0 (Linux; Android 7.0; Moto G (5) Plus Build/NPNS25.137-92-14) AppleWebKit/537.36 (KHTML, like Gecko) Chrome/68.0.3440.91 Mobile Safari/537.36'),
(84, 1, '2018-08-21 14:57:00', '187.255.10.237', 1, 'Mozilla/5.0 (Windows NT 10.0; Win64; x64) AppleWebKit/537.36 (KHTML, like Gecko) Chrome/68.0.3440.106 Safari/537.36'),
(85, NULL, '2018-08-21 15:27:43', '66.249.85.2', 0, 'Mozilla/5.0 (Linux; Android 7.0; Moto G (5) Plus Build/NPNS25.137-92-14) AppleWebKit/537.36 (KHTML, like Gecko) Chrome/68.0.3440.91 Mobile Safari/537.36'),
(86, 1, '2018-08-21 15:47:00', '187.255.10.237', 0, 'Mozilla/5.0 (Windows NT 10.0; Win64; x64) AppleWebKit/537.36 (KHTML, like Gecko) Chrome/68.0.3440.106 Safari/537.36'),
(87, NULL, '2018-08-21 15:47:02', '187.255.10.237', 0, 'Mozilla/5.0 (Windows NT 10.0; Win64; x64) AppleWebKit/537.36 (KHTML, like Gecko) Chrome/68.0.3440.106 Safari/537.36'),
(88, NULL, '2018-08-21 16:02:45', '66.249.85.2', 0, 'Mozilla/5.0 (Linux; Android 7.0; Moto G (5) Plus Build/NPNS25.137-92-14) AppleWebKit/537.36 (KHTML, like Gecko) Chrome/68.0.3440.91 Mobile Safari/537.36'),
(89, NULL, '2018-08-21 19:53:45', '66.249.83.222', 0, 'Mozilla/5.0 (X11; Linux x86_64) AppleWebKit/537.36 (KHTML, like Gecko) Chrome/49.0.2623.75 Safari/537.36 Google Favicon'),
(90, NULL, '2018-08-23 12:43:42', '66.249.83.203', 0, 'Mozilla/5.0 (X11; Linux x86_64) AppleWebKit/537.36 (KHTML, like Gecko) Chrome/49.0.2623.75 Safari/537.36 Google Favicon'),
(91, 1, '2018-08-24 01:10:41', '191.39.1.178', 1, 'Mozilla/5.0 (Linux; Android 7.0; Moto G (5) Plus Build/NPNS25.137-92-14) AppleWebKit/537.36 (KHTML, like Gecko) Chrome/68.0.3440.91 Mobile Safari/537.36'),
(92, NULL, '2018-08-24 16:16:30', '66.249.83.221', 0, 'Mozilla/5.0 (X11; Linux x86_64) AppleWebKit/537.36 (KHTML, like Gecko) Chrome/49.0.2623.75 Safari/537.36 Google Favicon'),
(93, NULL, '2018-08-25 22:28:20', '66.249.83.221', 0, 'Mozilla/5.0 (X11; Linux x86_64) AppleWebKit/537.36 (KHTML, like Gecko) Chrome/49.0.2623.75 Safari/537.36 Google Favicon'),
(94, NULL, '2018-08-27 12:37:03', '66.249.83.223', 0, 'Mozilla/5.0 (X11; Linux x86_64) AppleWebKit/537.36 (KHTML, like Gecko) Chrome/49.0.2623.75 Safari/537.36 Google Favicon'),
(95, NULL, '2018-08-28 12:37:11', '66.249.83.223', 0, 'Mozilla/5.0 (X11; Linux x86_64) AppleWebKit/537.36 (KHTML, like Gecko) Chrome/49.0.2623.75 Safari/537.36 Google Favicon'),
(96, NULL, '2018-08-28 13:25:22', '187.255.10.237', 0, 'Mozilla/5.0 (Windows NT 10.0; Win64; x64) AppleWebKit/537.36 (KHTML, like Gecko) Chrome/68.0.3440.106 Safari/537.36'),
(97, 1, '2018-08-28 13:25:24', '187.255.10.237', 1, 'Mozilla/5.0 (Windows NT 10.0; Win64; x64) AppleWebKit/537.36 (KHTML, like Gecko) Chrome/68.0.3440.106 Safari/537.36'),
(98, NULL, '2018-08-29 13:08:41', '66.249.83.223', 0, 'Mozilla/5.0 (X11; Linux x86_64) AppleWebKit/537.36 (KHTML, like Gecko) Chrome/49.0.2623.75 Safari/537.36 Google Favicon'),
(99, NULL, '2018-08-30 16:20:41', '66.249.83.222', 0, 'Mozilla/5.0 (X11; Linux x86_64) AppleWebKit/537.36 (KHTML, like Gecko) Chrome/49.0.2623.75 Safari/537.36 Google Favicon'),
(100, NULL, '2018-09-07 15:13:43', '66.249.83.57', 0, 'Mozilla/5.0 (X11; Linux x86_64) AppleWebKit/537.36 (KHTML, like Gecko) Chrome/49.0.2623.75 Safari/537.36 Google Favicon'),
(101, NULL, '2018-09-08 17:24:42', '66.249.83.55', 0, 'Mozilla/5.0 (X11; Linux x86_64) AppleWebKit/537.36 (KHTML, like Gecko) Chrome/49.0.2623.75 Safari/537.36 Google Favicon'),
(102, NULL, '2018-09-09 17:33:18', '66.249.83.53', 0, 'Mozilla/5.0 (X11; Linux x86_64) AppleWebKit/537.36 (KHTML, like Gecko) Chrome/49.0.2623.75 Safari/537.36 Google Favicon'),
(103, NULL, '2018-09-10 18:34:41', '66.249.83.53', 0, 'Mozilla/5.0 (X11; Linux x86_64) AppleWebKit/537.36 (KHTML, like Gecko) Chrome/49.0.2623.75 Safari/537.36 Google Favicon'),
(104, NULL, '2018-09-11 20:33:45', '66.249.83.53', 0, 'Mozilla/5.0 (X11; Linux x86_64) AppleWebKit/537.36 (KHTML, like Gecko) Chrome/49.0.2623.75 Safari/537.36 Google Favicon'),
(105, NULL, '2018-09-12 20:57:34', '66.249.83.57', 0, 'Mozilla/5.0 (X11; Linux x86_64) AppleWebKit/537.36 (KHTML, like Gecko) Chrome/49.0.2623.75 Safari/537.36 Google Favicon'),
(106, NULL, '2018-09-13 22:18:54', '66.249.83.222', 0, 'Mozilla/5.0 (X11; Linux x86_64) AppleWebKit/537.36 (KHTML, like Gecko) Chrome/49.0.2623.75 Safari/537.36 Google Favicon'),
(107, NULL, '2018-09-17 20:30:21', '187.255.10.237', 0, 'Mozilla/5.0 (Windows NT 10.0; Win64; x64) AppleWebKit/537.36 (KHTML, like Gecko) Chrome/68.0.3440.106 Safari/537.36'),
(108, 1, '2018-09-25 13:28:03', '187.255.10.48', 1, 'Mozilla/5.0 (Windows NT 10.0; Win64; x64) AppleWebKit/537.36 (KHTML, like Gecko) Chrome/64.0.3282.140 Safari/537.36 Edge/17.17134'),
(109, NULL, '2018-09-25 16:26:23', '66.249.83.203', 0, 'Mozilla/5.0 (X11; Linux x86_64) AppleWebKit/537.36 (KHTML, like Gecko) Chrome/49.0.2623.75 Safari/537.36 Google Favicon'),
(110, NULL, '2018-09-26 00:28:44', '191.39.6.45', 0, 'Mozilla/5.0 (Linux; Android 7.0; SAMSUNG SM-G610F Build/NRD90M) AppleWebKit/537.36 (KHTML, like Gecko) SamsungBrowser/7.4 Chrome/59.0.3071.125 Mobile Safari/537.36'),
(111, NULL, '2018-09-26 16:36:20', '66.249.83.222', 0, 'Mozilla/5.0 (X11; Linux x86_64) AppleWebKit/537.36 (KHTML, like Gecko) Chrome/49.0.2623.75 Safari/537.36 Google Favicon'),
(112, NULL, '2018-09-26 23:44:46', '191.39.13.255', 0, 'Mozilla/5.0 (Linux; Android 7.0; SAMSUNG SM-G610F Build/NRD90M) AppleWebKit/537.36 (KHTML, like Gecko) SamsungBrowser/7.4 Chrome/59.0.3071.125 Mobile Safari/537.36'),
(113, NULL, '2018-09-27 14:44:08', '191.39.24.11', 0, 'Mozilla/5.0 (Linux; Android 7.0; SAMSUNG SM-G610F Build/NRD90M) AppleWebKit/537.36 (KHTML, like Gecko) SamsungBrowser/7.4 Chrome/59.0.3071.125 Mobile Safari/537.36'),
(114, NULL, '2018-09-27 17:10:00', '66.249.83.221', 0, 'Mozilla/5.0 (X11; Linux x86_64) AppleWebKit/537.36 (KHTML, like Gecko) Chrome/49.0.2623.75 Safari/537.36 Google Favicon'),
(115, 1, '2018-09-28 15:34:43', '191.39.18.250', 1, 'Mozilla/5.0 (Linux; Android 7.0; SAMSUNG SM-G610F Build/NRD90M) AppleWebKit/537.36 (KHTML, like Gecko) SamsungBrowser/7.4 Chrome/59.0.3071.125 Mobile Safari/537.36'),
(116, 1, '2018-09-28 16:24:26', '189.121.112.162', 1, 'Mozilla/5.0 (Windows NT 6.1) AppleWebKit/537.36 (KHTML, like Gecko) Chrome/69.0.3497.100 Safari/537.36'),
(117, 1, '2018-09-28 18:51:39', '187.255.10.48', 1, 'Mozilla/5.0 (Windows NT 10.0; Win64; x64) AppleWebKit/537.36 (KHTML, like Gecko) Chrome/69.0.3497.100 Safari/537.36'),
(118, NULL, '2018-09-29 01:26:00', '191.39.6.227', 0, 'Mozilla/5.0 (Linux; Android 7.0; SAMSUNG SM-G610F Build/NRD90M) AppleWebKit/537.36 (KHTML, like Gecko) SamsungBrowser/7.4 Chrome/59.0.3071.125 Mobile Safari/537.36'),
(119, NULL, '2018-10-01 02:10:27', '191.57.187.60', 0, 'Mozilla/5.0 (Linux; Android 7.0; SAMSUNG SM-G610F Build/NRD90M) AppleWebKit/537.36 (KHTML, like Gecko) SamsungBrowser/7.4 Chrome/59.0.3071.125 Mobile Safari/537.36'),
(120, 1, '2018-10-01 13:42:39', '187.255.10.48', 1, 'Mozilla/5.0 (Windows NT 10.0; Win64; x64) AppleWebKit/537.36 (KHTML, like Gecko) Chrome/68.0.3440.106 Safari/537.36'),
(121, 1, '2018-10-01 14:23:03', '187.255.10.48', 0, 'Mozilla/5.0 (Windows NT 10.0; Win64; x64) AppleWebKit/537.36 (KHTML, like Gecko) Chrome/68.0.3440.106 Safari/537.36'),
(122, 1, '2018-10-01 14:23:05', '187.255.10.48', 1, 'Mozilla/5.0 (Windows NT 10.0; Win64; x64) AppleWebKit/537.36 (KHTML, like Gecko) Chrome/68.0.3440.106 Safari/537.36'),
(123, NULL, '2018-10-02 11:34:59', '187.255.10.48', 0, 'Mozilla/5.0 (Windows NT 10.0; Win64; x64) AppleWebKit/537.36 (KHTML, like Gecko) Chrome/68.0.3440.106 Safari/537.36'),
(124, 1, '2018-10-02 12:11:09', '191.57.187.60', 1, 'Mozilla/5.0 (Linux; Android 7.0; SAMSUNG SM-G610F Build/NRD90M) AppleWebKit/537.36 (KHTML, like Gecko) SamsungBrowser/7.4 Chrome/59.0.3071.125 Mobile Safari/537.36');

-- --------------------------------------------------------

--
-- Estrutura da tabela `seg_log_edicao`
--

CREATE TABLE `seg_log_edicao` (
  `id_log_edicao` int(11) NOT NULL,
  `fk_usuario` int(11) DEFAULT NULL,
  `data_log_edicao` timestamp NOT NULL DEFAULT CURRENT_TIMESTAMP,
  `original_edicao` text,
  `novo_edicao` text,
  `campo_edicao` text,
  `tabela_edicao` text,
  `fk_aplicacao` int(11) DEFAULT NULL,
  `id_edicao` int(11) DEFAULT NULL
) ENGINE=InnoDB DEFAULT CHARSET=utf8;

--
-- Extraindo dados da tabela `seg_log_edicao`
--

INSERT INTO `seg_log_edicao` (`id_log_edicao`, `fk_usuario`, `data_log_edicao`, `original_edicao`, `novo_edicao`, `campo_edicao`, `tabela_edicao`, `fk_aplicacao`, `id_edicao`) VALUES
(1, 1, '2018-07-31 17:07:51', 'Xbox One\r\nGanha ao terminar o leilão.', 'Xbox One\r\n', 'descricao_produto', 'cad_produtos', 23, 1),
(2, 1, '2018-08-05 00:24:01', '100', '200', 'quantidade_ingresso', 'pacote_ingresso', 26, 6),
(3, 1, '2018-08-05 00:33:52', 'Teste William novo', 'Ingresso 002', 'descricao_pacote', 'pacote_ingresso', 26, 6),
(4, 1, '2018-08-05 00:33:52', '200', '500', 'quantidade_ingresso', 'pacote_ingresso', 26, 6),
(5, 1, '2018-08-05 00:39:22', 'Hhhhhh', 'Teste 18', 'descricao_pacote', 'pacote_ingresso', 26, 7),
(6, 1, '2018-08-05 00:39:22', '1000', '55', 'quantidade_ingresso', 'pacote_ingresso', 26, 7),
(7, 1, '2018-08-05 00:39:22', '0', '1', 'gratis', 'pacote_ingresso', 26, 7),
(8, 1, '2018-08-05 18:34:34', '50', '0.00', 'valor_pacote', 'pacote_ingresso', 26, 1),
(9, 1, '2018-08-05 18:35:10', '100', '0.00', 'valor_pacote', 'pacote_ingresso', 26, 2),
(10, 1, '2018-08-05 18:36:02', '0', '1', 'gratis', 'pacote_ingresso', 26, 2),
(37, 3, '2018-08-08 18:36:34', NULL, '28', 'sexo_usuario', 'seg_usuarios', NULL, 3),
(38, 3, '2018-08-08 18:36:34', NULL, '1', 'rg_usuario', 'seg_usuarios', NULL, 3),
(39, 3, '2018-08-08 18:36:34', NULL, '32919250841', 'cpf_usuario', 'seg_usuarios', NULL, 3),
(40, 3, '2018-08-08 18:36:34', NULL, '11976543218', 'telefone_usuario', 'seg_usuarios', NULL, 3),
(41, 3, '2018-08-08 18:36:34', NULL, '08062200', 'cep_usuario', 'seg_usuarios', NULL, 3),
(42, 3, '2018-08-08 18:36:34', NULL, 'Rua José Guimarães', 'logradouro_usuario', 'seg_usuarios', NULL, 3),
(43, 3, '2018-08-08 18:36:34', NULL, '166', 'numero_usuario', 'seg_usuarios', NULL, 3),
(44, 3, '2018-08-08 18:36:34', NULL, 'Vila Siria', 'bairro_usuario', 'seg_usuarios', NULL, 3),
(45, 3, '2018-08-08 18:36:34', NULL, 'São Paulo', 'cidade_usuario', 'seg_usuarios', NULL, 3),
(46, 3, '2018-08-08 18:36:34', NULL, '24', 'estado_usuario', 'seg_usuarios', NULL, 3),
(47, 3, '2018-08-08 18:36:34', 'cliente', 'cliente@leilao24h.com', 'login_usuario', 'seg_usuarios', NULL, 3),
(48, 2, '2018-08-10 14:43:30', NULL, '28', 'sexo_usuario', 'seg_usuarios', NULL, 2),
(49, 2, '2018-08-10 14:43:30', NULL, '666', 'rg_usuario', 'seg_usuarios', NULL, 2),
(50, 2, '2018-08-10 14:43:30', NULL, '98443477857', 'cpf_usuario', 'seg_usuarios', NULL, 2),
(51, 2, '2018-08-10 14:43:30', NULL, '01014010', 'cep_usuario', 'seg_usuarios', NULL, 2),
(52, 2, '2018-08-10 14:43:30', NULL, 'Rua João Brícola', 'logradouro_usuario', 'seg_usuarios', NULL, 2),
(53, 2, '2018-08-10 14:43:30', NULL, '9', 'numero_usuario', 'seg_usuarios', NULL, 2),
(54, 2, '2018-08-10 14:43:30', NULL, 'Centro', 'bairro_usuario', 'seg_usuarios', NULL, 2),
(55, 2, '2018-08-10 14:43:30', NULL, 'São Paulo', 'cidade_usuario', 'seg_usuarios', NULL, 2),
(56, 2, '2018-08-10 14:43:30', NULL, '25', 'estado_usuario', 'seg_usuarios', NULL, 2),
(57, 2, '2018-08-10 14:43:30', 'gerente', 'gerente@leilao24h.com', 'login_usuario', 'seg_usuarios', NULL, 2),
(58, 3, '2018-08-19 01:24:59', '7C4A8D09CA3762AF61E59520943DC26494F8941B', '7110eda4d09e062aa5e4a390b0a572ac0d2c0220', 'senha_usuario', 'seg_usuarios', NULL, 3),
(59, 5, '2018-08-20 05:01:43', NULL, '28', 'sexo_usuario', 'seg_usuarios', NULL, 5),
(60, 5, '2018-08-20 05:01:43', NULL, '1', 'rg_usuario', 'seg_usuarios', NULL, 5),
(61, 5, '2018-08-20 05:01:43', NULL, '23171125803', 'cpf_usuario', 'seg_usuarios', NULL, 5),
(62, 5, '2018-08-20 05:01:43', NULL, '11947321994', 'telefone_usuario', 'seg_usuarios', NULL, 5),
(63, 5, '2018-08-20 05:01:43', NULL, '03147100', 'cep_usuario', 'seg_usuarios', NULL, 5),
(64, 5, '2018-08-20 05:01:43', NULL, 'Rua Paramu', 'logradouro_usuario', 'seg_usuarios', NULL, 5),
(65, 5, '2018-08-20 05:01:43', NULL, '693', 'numero_usuario', 'seg_usuarios', NULL, 5),
(66, 5, '2018-08-20 05:01:43', NULL, 'Vila Bela', 'bairro_usuario', 'seg_usuarios', NULL, 5),
(67, 5, '2018-08-20 05:01:43', NULL, 'São Paulo', 'cidade_usuario', 'seg_usuarios', NULL, 5),
(68, 5, '2018-08-20 05:01:43', NULL, '24', 'estado_usuario', 'seg_usuarios', NULL, 5),
(69, 11, '2018-08-21 14:38:18', NULL, '28', 'sexo_usuario', 'seg_usuarios', NULL, 11),
(70, 11, '2018-08-21 14:38:18', NULL, '666', 'rg_usuario', 'seg_usuarios', NULL, 11),
(71, 11, '2018-08-21 14:38:18', NULL, '00154781576', 'cpf_usuario', 'seg_usuarios', NULL, 11),
(72, 11, '2018-08-21 14:38:18', NULL, '03147100', 'cep_usuario', 'seg_usuarios', NULL, 11),
(73, 11, '2018-08-21 14:38:18', NULL, 'Rua Paramu', 'logradouro_usuario', 'seg_usuarios', NULL, 11),
(74, 11, '2018-08-21 14:38:18', NULL, '693', 'numero_usuario', 'seg_usuarios', NULL, 11),
(75, 11, '2018-08-21 14:38:18', NULL, 'Vila Bela', 'bairro_usuario', 'seg_usuarios', NULL, 11),
(76, 11, '2018-08-21 14:38:18', NULL, 'São Paulo', 'cidade_usuario', 'seg_usuarios', NULL, 11),
(77, 11, '2018-08-21 14:38:18', NULL, '25', 'estado_usuario', 'seg_usuarios', NULL, 11),
(78, 17, '2018-08-29 16:28:57', NULL, '28', 'sexo_usuario', 'seg_usuarios', NULL, 17),
(79, 17, '2018-08-29 16:28:57', NULL, '666', 'rg_usuario', 'seg_usuarios', NULL, 17),
(80, 17, '2018-08-29 16:28:57', NULL, '12345678909', 'cpf_usuario', 'seg_usuarios', NULL, 17),
(81, 17, '2018-08-29 16:28:57', NULL, '01410010', 'cep_usuario', 'seg_usuarios', NULL, 17),
(82, 17, '2018-08-29 16:28:57', NULL, 'Travessa das Constelações', 'logradouro_usuario', 'seg_usuarios', NULL, 17),
(83, 17, '2018-08-29 16:28:57', NULL, '9', 'numero_usuario', 'seg_usuarios', NULL, 17),
(84, 17, '2018-08-29 16:28:57', NULL, 'Cerqueira César', 'bairro_usuario', 'seg_usuarios', NULL, 17),
(85, 17, '2018-08-29 16:28:57', NULL, 'São Paulo', 'cidade_usuario', 'seg_usuarios', NULL, 17),
(86, 17, '2018-08-29 16:28:57', NULL, '25', 'estado_usuario', 'seg_usuarios', NULL, 17),
(87, 5, '2018-09-28 15:50:26', '24', '25', 'estado_usuario', 'seg_usuarios', NULL, 5),
(88, 19, '2018-09-28 16:42:26', NULL, '28', 'sexo_usuario', 'seg_usuarios', NULL, 19),
(89, 19, '2018-09-28 16:42:26', NULL, '666', 'rg_usuario', 'seg_usuarios', NULL, 19),
(90, 19, '2018-09-28 16:42:26', NULL, '41091785848', 'cpf_usuario', 'seg_usuarios', NULL, 19),
(91, 19, '2018-09-28 16:42:26', NULL, '03147100', 'cep_usuario', 'seg_usuarios', NULL, 19),
(92, 19, '2018-09-28 16:42:26', NULL, 'Rua Paramu', 'logradouro_usuario', 'seg_usuarios', NULL, 19),
(93, 19, '2018-09-28 16:42:26', NULL, '693', 'numero_usuario', 'seg_usuarios', NULL, 19),
(94, 19, '2018-09-28 16:42:26', NULL, 'Vila Bela', 'bairro_usuario', 'seg_usuarios', NULL, 19),
(95, 19, '2018-09-28 16:42:26', NULL, 'São Paulo', 'cidade_usuario', 'seg_usuarios', NULL, 19),
(96, 19, '2018-09-28 16:42:26', NULL, '25', 'estado_usuario', 'seg_usuarios', NULL, 19),
(97, 7, '2018-09-28 16:56:08', 'Willians barbosa', 'Willians barbo', 'nome_usuario', 'seg_usuarios', NULL, 7),
(98, 7, '2018-09-28 16:56:08', NULL, '28', 'sexo_usuario', 'seg_usuarios', NULL, 7),
(99, 7, '2018-09-28 16:56:08', NULL, '1', 'rg_usuario', 'seg_usuarios', NULL, 7),
(100, 7, '2018-09-28 16:56:08', NULL, '3291925084', 'cpf_usuario', 'seg_usuarios', NULL, 7),
(101, 7, '2018-09-28 16:56:08', NULL, '1196033400', 'telefone_usuario', 'seg_usuarios', NULL, 7),
(102, 7, '2018-09-28 16:56:08', NULL, '08062200', 'cep_usuario', 'seg_usuarios', NULL, 7),
(103, 7, '2018-09-28 16:56:08', NULL, 'Rua José Guimarães', 'logradouro_usuario', 'seg_usuarios', NULL, 7),
(104, 7, '2018-09-28 16:56:08', NULL, '166', 'numero_usuario', 'seg_usuarios', NULL, 7),
(105, 7, '2018-09-28 16:56:08', NULL, 'Vila Siria', 'bairro_usuario', 'seg_usuarios', NULL, 7),
(106, 7, '2018-09-28 16:56:08', NULL, 'São Paulo', 'cidade_usuario', 'seg_usuarios', NULL, 7),
(107, 7, '2018-09-28 16:56:08', NULL, '25', 'estado_usuario', 'seg_usuarios', NULL, 7),
(108, 7, '2018-09-28 16:56:08', NULL, '3', 'complemento_usuario', 'seg_usuarios', NULL, 7),
(109, 1, '2018-10-02 13:52:11', '1', '', 'produto_recompensa', 'cad_produtos', 23, 14),
(110, 1, '2018-10-02 13:52:11', '10000', '0', 'produto_recompensa_custo', 'cad_produtos', 23, 14),
(111, 1, '2018-10-02 13:56:49', '1', '0', 'gratis', 'pacote_ingresso', 26, 2),
(112, 1, '2018-10-02 13:58:51', '0', '50.00', 'valor_pacote', 'pacote_ingresso', 26, 1),
(113, 1, '2018-10-02 13:59:24', '0', '100.00', 'valor_pacote', 'pacote_ingresso', 26, 2);

-- --------------------------------------------------------

--
-- Estrutura da tabela `seg_log_erro`
--

CREATE TABLE `seg_log_erro` (
  `id_log_erro` int(11) NOT NULL,
  `fk_usuario` int(11) DEFAULT NULL,
  `data_log_erro` timestamp NOT NULL DEFAULT CURRENT_TIMESTAMP,
  `cod` text,
  `erro` text,
  `query` text,
  `erro_feedback` text,
  `funcao` text,
  `maquina_usuario_erro` text
) ENGINE=InnoDB DEFAULT CHARSET=utf8;

--
-- Extraindo dados da tabela `seg_log_erro`
--

INSERT INTO `seg_log_erro` (`id_log_erro`, `fk_usuario`, `data_log_erro`, `cod`, `erro`, `query`, `erro_feedback`, `funcao`, `maquina_usuario_erro`) VALUES
(1, NULL, '2018-07-31 17:59:19', NULL, 'Linha: 805 - Mensagem: call_user_func_array() expects parameter 1 to be a valid callback, class \'Controller_webservice\' does not have a method \'index_get\'<br><br>Arquivo: /var/www/html/leilao/application/libraries/REST_Controller.php<br/>Linha: 805<br/>Função: call_user_func_array<br/><br/>Arquivo: /var/www/html/leilao/index.php<br/>Linha: 318<br/>Função: require_once<br/><br/>', NULL, NULL, 'libraries/REST_Controller.php', 'Mozilla/5.0 (Macintosh; Intel Mac OS X 10_8_4) AppleWebKit/537.36 (KHTML, like Gecko) Chrome/28.0.1500.71 Safari/537.36'),
(2, NULL, '2018-07-31 17:59:20', NULL, 'Linha: 805 - Mensagem: call_user_func_array() expects parameter 1 to be a valid callback, class \'Controller_webservice\' does not have a method \'index_get\'<br><br>Arquivo: /var/www/html/leilao/application/libraries/REST_Controller.php<br/>Linha: 805<br/>Função: call_user_func_array<br/><br/>Arquivo: /var/www/html/leilao/index.php<br/>Linha: 318<br/>Função: require_once<br/><br/>', NULL, NULL, 'libraries/REST_Controller.php', 'Mozilla/5.0 (Macintosh; Intel Mac OS X 10_8_4) AppleWebKit/537.36 (KHTML, like Gecko) Chrome/28.0.1500.71 Safari/537.36'),
(3, 1, '2018-07-31 18:48:22', NULL, 'Linha: 201 - Mensagem: mysqli::real_connect(): (HY000/2002): No such file or directory<br><br>Arquivo: /var/www/html/leilao/application/controllers/Main.php<br/>Linha: 8<br/>Função: __construct<br/><br/>Arquivo: /var/www/html/leilao/index.php<br/>Linha: 318<br/>Função: require_once<br/><br/>', NULL, NULL, 'mysqli/mysqli_driver.php', 'Mozilla/5.0 (X11; Linux x86_64) AppleWebKit/537.36 (KHTML, like Gecko) Chrome/68.0.3440.75 Safari/537.36'),
(4, 1, '2018-07-31 18:49:42', NULL, 'Linha: 201 - Mensagem: mysqli::real_connect(): (HY000/2002): No such file or directory<br><br>Arquivo: /var/www/html/leilao/application/controllers/Main.php<br/>Linha: 8<br/>Função: __construct<br/><br/>Arquivo: /var/www/html/leilao/index.php<br/>Linha: 318<br/>Função: require_once<br/><br/>', NULL, NULL, 'mysqli/mysqli_driver.php', 'Mozilla/5.0 (Windows NT 10.0; Win64; x64) AppleWebKit/537.36 (KHTML, like Gecko) Chrome/63.0.3239.132 Safari/537.36'),
(5, 1, '2018-07-31 19:19:41', NULL, 'Linha: 201 - Mensagem: mysqli::real_connect(): (HY000/2002): No such file or directory<br><br>Arquivo: /var/www/html/leilao/application/controllers/Main.php<br/>Linha: 8<br/>Função: __construct<br/><br/>Arquivo: /var/www/html/leilao/index.php<br/>Linha: 318<br/>Função: require_once<br/><br/>', NULL, NULL, 'mysqli/mysqli_driver.php', 'Mozilla/5.0 (X11; Linux x86_64) AppleWebKit/537.36 (KHTML, like Gecko) Chrome/68.0.3440.75 Safari/537.36'),
(6, NULL, '2018-08-02 11:52:10', NULL, 'Linha: 805 - Mensagem: call_user_func_array() expects parameter 1 to be a valid callback, class \'Controller_webservice\' does not have a method \'index_get\'<br><br>Arquivo: /var/www/html/leilao/application/libraries/REST_Controller.php<br/>Linha: 805<br/>Função: call_user_func_array<br/><br/>Arquivo: /var/www/html/leilao/index.php<br/>Linha: 318<br/>Função: require_once<br/><br/>', NULL, NULL, 'libraries/REST_Controller.php', 'Mozilla/5.0 (Macintosh; Intel Mac OS X 10_8_4) AppleWebKit/537.36 (KHTML, like Gecko) Chrome/28.0.1500.71 Safari/537.36'),
(7, NULL, '2018-08-02 11:52:13', NULL, 'Linha: 805 - Mensagem: call_user_func_array() expects parameter 1 to be a valid callback, class \'Controller_webservice\' does not have a method \'index_get\'<br><br>Arquivo: /var/www/html/leilao/application/libraries/REST_Controller.php<br/>Linha: 805<br/>Função: call_user_func_array<br/><br/>Arquivo: /var/www/html/leilao/index.php<br/>Linha: 318<br/>Função: require_once<br/><br/>', NULL, NULL, 'libraries/REST_Controller.php', 'Mozilla/5.0 (Macintosh; Intel Mac OS X 10_8_4) AppleWebKit/537.36 (KHTML, like Gecko) Chrome/28.0.1500.71 Safari/537.36'),
(8, NULL, '2018-08-02 16:13:04', NULL, 'Linha: 805 - Mensagem: call_user_func_array() expects parameter 1 to be a valid callback, class \'Controller_webservice\' does not have a method \'index_get\'<br><br>Arquivo: /var/www/html/leilao/application/libraries/REST_Controller.php<br/>Linha: 805<br/>Função: call_user_func_array<br/><br/>Arquivo: /var/www/html/leilao/index.php<br/>Linha: 318<br/>Função: require_once<br/><br/>', NULL, NULL, 'libraries/REST_Controller.php', 'Mozilla/5.0 (Macintosh; Intel Mac OS X 10_8_4) AppleWebKit/537.36 (KHTML, like Gecko) Chrome/28.0.1500.71 Safari/537.36'),
(9, NULL, '2018-08-02 16:13:05', NULL, 'Linha: 805 - Mensagem: call_user_func_array() expects parameter 1 to be a valid callback, class \'Controller_webservice\' does not have a method \'index_get\'<br><br>Arquivo: /var/www/html/leilao/application/libraries/REST_Controller.php<br/>Linha: 805<br/>Função: call_user_func_array<br/><br/>Arquivo: /var/www/html/leilao/index.php<br/>Linha: 318<br/>Função: require_once<br/><br/>', NULL, NULL, 'libraries/REST_Controller.php', 'Mozilla/5.0 (Macintosh; Intel Mac OS X 10_8_4) AppleWebKit/537.36 (KHTML, like Gecko) Chrome/28.0.1500.71 Safari/537.36'),
(10, NULL, '2018-08-03 11:33:12', NULL, 'Linha: 805 - Mensagem: call_user_func_array() expects parameter 1 to be a valid callback, class \'Controller_webservice\' does not have a method \'index_get\'<br><br>Arquivo: /var/www/html/leilao/application/libraries/REST_Controller.php<br/>Linha: 805<br/>Função: call_user_func_array<br/><br/>Arquivo: /var/www/html/leilao/index.php<br/>Linha: 318<br/>Função: require_once<br/><br/>', NULL, NULL, 'libraries/REST_Controller.php', 'Mozilla/5.0 (Macintosh; Intel Mac OS X 10_8_4) AppleWebKit/537.36 (KHTML, like Gecko) Chrome/28.0.1500.71 Safari/537.36'),
(11, NULL, '2018-08-03 18:44:46', NULL, 'Linha: 805 - Mensagem: call_user_func_array() expects parameter 1 to be a valid callback, class \'Controller_webservice\' does not have a method \'index_get\'<br><br>Arquivo: /var/www/html/leilao/application/libraries/REST_Controller.php<br/>Linha: 805<br/>Função: call_user_func_array<br/><br/>Arquivo: /var/www/html/leilao/index.php<br/>Linha: 318<br/>Função: require_once<br/><br/>', NULL, NULL, 'libraries/REST_Controller.php', 'Mozilla/5.0 (Macintosh; Intel Mac OS X 10_8_4) AppleWebKit/537.36 (KHTML, like Gecko) Chrome/28.0.1500.71 Safari/537.36'),
(12, NULL, '2018-08-03 18:44:47', NULL, 'Linha: 805 - Mensagem: call_user_func_array() expects parameter 1 to be a valid callback, class \'Controller_webservice\' does not have a method \'index_get\'<br><br>Arquivo: /var/www/html/leilao/application/libraries/REST_Controller.php<br/>Linha: 805<br/>Função: call_user_func_array<br/><br/>Arquivo: /var/www/html/leilao/index.php<br/>Linha: 318<br/>Função: require_once<br/><br/>', NULL, NULL, 'libraries/REST_Controller.php', 'Mozilla/5.0 (Macintosh; Intel Mac OS X 10_8_4) AppleWebKit/537.36 (KHTML, like Gecko) Chrome/28.0.1500.71 Safari/537.36'),
(13, NULL, '2018-08-03 19:44:40', NULL, 'Linha: 805 - Mensagem: call_user_func_array() expects parameter 1 to be a valid callback, class \'Controller_webservice\' does not have a method \'index_get\'<br><br>Arquivo: /var/www/html/leilao/application/libraries/REST_Controller.php<br/>Linha: 805<br/>Função: call_user_func_array<br/><br/>Arquivo: /var/www/html/leilao/index.php<br/>Linha: 318<br/>Função: require_once<br/><br/>', NULL, NULL, 'libraries/REST_Controller.php', 'Mozilla/5.0 (Macintosh; Intel Mac OS X 10_8_4) AppleWebKit/537.36 (KHTML, like Gecko) Chrome/28.0.1500.71 Safari/537.36'),
(14, NULL, '2018-08-08 16:52:34', '1062', 'Duplicate entry \'11961033400\' for key \'celular_usuario\'', 'UPDATE `seg_usuarios` SET `id_usuario` = \'3\', `nome_usuario` = \'Cliente\', `sexo_usuario` = \'28\', `rg_usuario` = \'1\', `cpf_usuario` = \'32919250841\', `telefone_usuario` = \'11961033400\', `celular_usuario` = \'11961033400\', `cep_usuario` = \'08062200\', `logradouro_usuario` = \'Rua José Guimarães\', `numero_usuario` = \'166\', `bairro_usuario` = \'Vila Siria\', `cidade_usuario` = \'São Paulo\', `estado_usuario` = \'24\', `complemento_usuario` = \'1\', `email_usuario` = \'cliente@leilao24h.com\', `login_usuario` = \'cliente@leilao24h.com\'\nWHERE `id_usuario` = \'3\'', NULL, 'Model_webservice / editarUsuario', 'Megamil'),
(15, NULL, '2018-08-08 16:53:21', '1062', 'Duplicate entry \'11961033400\' for key \'celular_usuario\'', 'UPDATE `seg_usuarios` SET `id_usuario` = \'3\', `nome_usuario` = \'Cliente\', `sexo_usuario` = \'28\', `rg_usuario` = \'1\', `cpf_usuario` = \'32919250841\', `telefone_usuario` = \'11961033400\', `celular_usuario` = \'11961033400\', `cep_usuario` = \'08062200\', `logradouro_usuario` = \'Rua José Guimarães\', `numero_usuario` = \'166\', `bairro_usuario` = \'Vila Siria\', `cidade_usuario` = \'São Paulo\', `estado_usuario` = \'24\', `complemento_usuario` = \'1\', `email_usuario` = \'cliente@leilao24h.com\', `login_usuario` = \'cliente@leilao24h.com\'\nWHERE `id_usuario` = \'3\'', NULL, 'Model_webservice / editarUsuario', 'Megamil');

-- --------------------------------------------------------

--
-- Estrutura da tabela `seg_log_navegacao`
--

CREATE TABLE `seg_log_navegacao` (
  `id_log_navegacao` int(11) NOT NULL,
  `fk_usuario` int(11) DEFAULT NULL,
  `data_log_navegacao` timestamp NOT NULL DEFAULT CURRENT_TIMESTAMP,
  `permissao` tinyint(1) DEFAULT NULL,
  `fk_aplicacao` int(11) DEFAULT NULL,
  `parametros` text
) ENGINE=InnoDB DEFAULT CHARSET=utf8;

--
-- Extraindo dados da tabela `seg_log_navegacao`
--

INSERT INTO `seg_log_navegacao` (`id_log_navegacao`, `fk_usuario`, `data_log_navegacao`, `permissao`, `fk_aplicacao`, `parametros`) VALUES
(1, 1, '2018-07-31 17:06:38', 1, 20, ''),
(2, 1, '2018-07-31 17:06:52', 1, 20, ''),
(3, 1, '2018-07-31 17:06:59', 1, 16, ''),
(4, 1, '2018-07-31 17:07:02', 1, 22, ''),
(5, 1, '2018-07-31 17:07:41', 1, 23, '/1'),
(6, 1, '2018-07-31 17:07:51', 1, 23, '/1'),
(7, 1, '2018-07-31 17:07:54', 1, 22, ''),
(8, 1, '2018-07-31 17:08:15', 1, 23, '/2'),
(9, 1, '2018-07-31 17:08:18', 1, 20, ''),
(10, 1, '2018-07-31 17:08:44', 1, 20, ''),
(11, 1, '2018-07-31 17:09:05', 1, 20, ''),
(12, 1, '2018-07-31 17:09:07', 1, 16, ''),
(13, 1, '2018-07-31 17:09:12', 1, 16, ''),
(14, 1, '2018-07-31 17:09:14', 1, 24, ''),
(15, 1, '2018-07-31 17:09:56', 1, 10, ''),
(16, 1, '2018-07-31 17:10:15', 1, 10, ''),
(17, 1, '2018-07-31 17:13:31', 1, 10, ''),
(18, 1, '2018-07-31 17:14:14', 1, 10, ''),
(19, 1, '2018-07-31 17:16:40', 1, 10, ''),
(20, 1, '2018-07-31 17:17:57', 1, 10, ''),
(21, 1, '2018-07-31 17:22:35', 1, 30, ''),
(22, 1, '2018-07-31 17:22:57', 1, 20, ''),
(23, 1, '2018-07-31 17:22:59', 1, 16, ''),
(24, 1, '2018-07-31 17:23:02', 1, 24, ''),
(25, 1, '2018-07-31 17:23:05', 1, 15, ''),
(26, 1, '2018-07-31 17:24:26', 1, 10, ''),
(27, 1, '2018-07-31 17:25:16', 1, 10, ''),
(28, 1, '2018-07-31 17:31:19', 1, 25, ''),
(29, 1, '2018-07-31 17:31:35', 1, 26, '/4'),
(30, 1, '2018-07-31 17:39:28', 1, 20, ''),
(31, 1, '2018-07-31 17:40:51', 1, 20, ''),
(32, 1, '2018-07-31 17:43:37', 1, 20, ''),
(33, 1, '2018-07-31 17:50:22', 1, 16, ''),
(34, 1, '2018-07-31 17:50:27', 1, 16, ''),
(35, 1, '2018-07-31 17:54:16', 1, 20, ''),
(36, 1, '2018-07-31 17:54:28', 1, 20, ''),
(37, 1, '2018-07-31 17:54:30', 1, 16, ''),
(38, 1, '2018-07-31 17:54:36', 1, 16, ''),
(39, 1, '2018-07-31 17:58:36', 1, 20, ''),
(40, 1, '2018-07-31 17:58:47', 1, 20, ''),
(41, 1, '2018-07-31 17:58:50', 1, 16, ''),
(42, 1, '2018-07-31 17:58:56', 1, 16, ''),
(43, 1, '2018-07-31 18:00:57', 1, 20, ''),
(44, 1, '2018-07-31 18:12:11', 1, 20, ''),
(45, 1, '2018-07-31 18:21:34', 1, 20, ''),
(46, 1, '2018-07-31 18:21:48', 1, 16, ''),
(47, 1, '2018-07-31 18:21:52', 1, 16, ''),
(48, 1, '2018-07-31 18:26:38', 1, 20, ''),
(49, 1, '2018-07-31 18:26:59', 1, 20, ''),
(50, 1, '2018-07-31 18:27:02', 1, 16, ''),
(51, 1, '2018-07-31 18:27:07', 1, 16, ''),
(52, 1, '2018-07-31 19:21:23', 1, 20, ''),
(53, 1, '2018-07-31 19:22:55', 1, 20, ''),
(54, 1, '2018-07-31 19:24:17', 1, 20, ''),
(55, 1, '2018-07-31 19:26:05', 1, 16, ''),
(56, 1, '2018-07-31 19:26:11', 1, 16, ''),
(57, 1, '2018-07-31 19:36:12', 1, 16, ''),
(58, 1, '2018-07-31 19:46:13', 1, 16, ''),
(59, 1, '2018-07-31 19:56:14', 1, 16, ''),
(60, 1, '2018-07-31 20:06:15', 1, 16, ''),
(61, 1, '2018-08-01 18:09:05', 1, 25, ''),
(62, 1, '2018-08-01 18:09:54', 1, 26, '/5'),
(63, 1, '2018-08-01 18:19:52', 1, 10, ''),
(64, 1, '2018-08-01 18:20:10', 1, 10, ''),
(65, 1, '2018-08-01 18:23:31', 1, 16, ''),
(66, 1, '2018-08-01 18:23:35', 1, 30, ''),
(67, 1, '2018-08-01 18:32:05', 1, 10, ''),
(68, 1, '2018-08-01 18:32:16', 1, 10, ''),
(69, 1, '2018-08-01 18:33:50', 1, 10, ''),
(70, 1, '2018-08-01 18:37:20', 1, 24, ''),
(71, 1, '2018-08-01 18:38:13', 1, 10, ''),
(72, 1, '2018-08-01 18:38:34', 1, 10, ''),
(73, 1, '2018-08-01 18:39:43', 1, 10, ''),
(74, 1, '2018-08-01 18:40:51', 1, 10, ''),
(75, 1, '2018-08-01 18:43:51', 1, 10, ''),
(76, 1, '2018-08-01 18:46:43', 1, 10, ''),
(77, 1, '2018-08-01 18:49:46', 1, 10, ''),
(78, 1, '2018-08-01 18:53:54', 1, 10, ''),
(79, 1, '2018-08-01 18:55:52', 1, 10, ''),
(80, 1, '2018-08-01 19:03:56', 1, 10, ''),
(81, 1, '2018-08-01 19:05:53', 1, 10, ''),
(82, 1, '2018-08-01 19:41:57', 1, 10, ''),
(83, 1, '2018-08-01 19:42:24', 1, 10, ''),
(84, 1, '2018-08-01 19:44:05', 1, 10, ''),
(85, 1, '2018-08-01 19:54:07', 1, 10, ''),
(86, 1, '2018-08-01 20:04:09', 1, 10, ''),
(87, 1, '2018-08-01 20:14:11', 1, 10, ''),
(88, 1, '2018-08-01 20:24:13', 1, 10, ''),
(89, 1, '2018-08-01 20:34:19', 1, 10, ''),
(90, 1, '2018-08-02 13:16:26', 1, 30, ''),
(91, 1, '2018-08-02 13:16:30', 1, 30, ''),
(92, 1, '2018-08-02 13:16:30', 1, 30, ''),
(93, 1, '2018-08-02 13:16:31', 1, 30, ''),
(94, 1, '2018-08-02 13:16:32', 1, 30, ''),
(95, 1, '2018-08-02 13:16:32', 1, 30, ''),
(96, 1, '2018-08-02 13:16:33', 1, 30, ''),
(97, 1, '2018-08-02 13:16:50', 1, 16, ''),
(98, 1, '2018-08-02 13:17:02', 1, 21, ''),
(99, 1, '2018-08-02 13:37:52', 1, 10, ''),
(100, 1, '2018-08-02 13:38:56', 1, 10, ''),
(101, 1, '2018-08-02 13:40:37', 1, 10, ''),
(102, 1, '2018-08-02 13:41:11', 1, 10, ''),
(103, 1, '2018-08-02 13:41:50', 1, 10, ''),
(104, 1, '2018-08-02 13:44:58', 1, 10, ''),
(105, 1, '2018-08-02 13:55:06', 1, 10, ''),
(106, 1, '2018-08-02 14:05:29', 1, 10, ''),
(107, 1, '2018-08-02 14:15:31', 1, 10, ''),
(108, 1, '2018-08-02 14:25:33', 1, 10, ''),
(109, 1, '2018-08-02 14:35:35', 1, 10, ''),
(110, 1, '2018-08-02 14:45:38', 1, 10, ''),
(111, 1, '2018-08-02 14:55:39', 1, 10, ''),
(112, 1, '2018-08-02 15:05:41', 1, 10, ''),
(113, 1, '2018-08-02 15:15:43', 1, 10, ''),
(114, 1, '2018-08-02 15:25:45', 1, 10, ''),
(115, 1, '2018-08-02 16:10:45', 1, 10, ''),
(116, 1, '2018-08-02 16:17:49', 1, 10, ''),
(117, 1, '2018-08-02 16:27:50', 1, 10, ''),
(118, 1, '2018-08-02 16:37:53', 1, 10, ''),
(119, 1, '2018-08-02 16:42:10', 1, 10, ''),
(120, 1, '2018-08-02 16:43:59', 1, 10, ''),
(121, 1, '2018-08-02 16:53:29', 1, 10, ''),
(122, 1, '2018-08-02 16:54:21', 1, 10, ''),
(123, 1, '2018-08-02 17:03:46', 1, 10, ''),
(124, 1, '2018-08-02 17:13:48', 1, 10, ''),
(125, 1, '2018-08-02 17:23:51', 1, 10, ''),
(126, 1, '2018-08-02 17:28:25', 1, 10, ''),
(127, 1, '2018-08-02 17:29:18', 1, 10, ''),
(128, 1, '2018-08-02 17:32:07', 1, 10, ''),
(129, 1, '2018-08-02 17:32:31', 1, 10, ''),
(130, 1, '2018-08-02 17:42:32', 1, 10, ''),
(131, 1, '2018-08-02 17:52:34', 1, 10, ''),
(132, 1, '2018-08-02 18:02:36', 1, 10, ''),
(133, 1, '2018-08-02 18:12:38', 1, 10, ''),
(134, 1, '2018-08-02 18:22:40', 1, 10, ''),
(135, 1, '2018-08-02 18:32:44', 1, 10, ''),
(136, 1, '2018-08-02 18:35:27', 1, 10, ''),
(137, 1, '2018-08-02 18:35:52', 1, 10, ''),
(138, 1, '2018-08-02 18:38:25', 1, 10, ''),
(139, 1, '2018-08-02 18:40:29', 1, 10, ''),
(140, 1, '2018-08-02 18:50:34', 1, 10, ''),
(141, 1, '2018-08-02 19:00:38', 1, 10, ''),
(142, 1, '2018-08-02 19:10:43', 1, 10, ''),
(143, 1, '2018-08-02 19:20:45', 1, 10, ''),
(144, 1, '2018-08-02 19:30:47', 1, 10, ''),
(145, 1, '2018-08-02 19:40:49', 1, 10, ''),
(146, 1, '2018-08-02 19:50:51', 1, 10, ''),
(147, 1, '2018-08-02 20:00:53', 1, 10, ''),
(148, 1, '2018-08-02 20:10:58', 1, 10, ''),
(149, 1, '2018-08-02 20:21:02', 1, 10, ''),
(150, 1, '2018-08-02 20:31:04', 1, 10, ''),
(151, 1, '2018-08-02 20:41:06', 1, 10, ''),
(152, 1, '2018-08-02 20:51:08', 1, 10, ''),
(153, 1, '2018-08-02 21:01:10', 1, 10, ''),
(154, 1, '2018-08-02 21:11:13', 1, 10, ''),
(155, 1, '2018-08-02 21:21:15', 1, 10, ''),
(156, 1, '2018-08-02 21:31:17', 1, 10, ''),
(157, 1, '2018-08-05 00:23:21', 1, 25, ''),
(158, 1, '2018-08-05 00:23:46', 1, 26, '/6'),
(159, 1, '2018-08-05 00:24:01', 1, 26, '/6'),
(160, 1, '2018-08-05 00:33:53', 1, 26, '/6'),
(161, 1, '2018-08-05 00:34:04', 1, 24, ''),
(162, 1, '2018-08-05 00:34:19', 1, 26, '/6'),
(163, 1, '2018-08-05 00:34:24', 1, 26, '/6'),
(164, 1, '2018-08-05 00:34:42', 1, 24, ''),
(165, 1, '2018-08-05 00:34:53', 1, 25, ''),
(166, 1, '2018-08-05 00:36:37', 1, 26, '/7'),
(167, 1, '2018-08-05 00:39:22', 1, 26, '/7'),
(168, 1, '2018-08-05 18:33:13', 1, 24, ''),
(169, 1, '2018-08-05 18:33:20', 1, 26, '/7'),
(170, 1, '2018-08-05 18:33:41', 1, 24, ''),
(171, 1, '2018-08-05 18:33:54', 1, 26, '/1'),
(172, 1, '2018-08-05 18:34:06', 1, 24, ''),
(173, 1, '2018-08-05 18:34:16', 1, 26, '/1'),
(174, 1, '2018-08-05 18:34:34', 1, 26, '/1'),
(175, 1, '2018-08-05 18:34:43', 1, 24, ''),
(176, 1, '2018-08-05 18:34:48', 1, 26, '/2'),
(177, 1, '2018-08-05 18:35:11', 1, 26, '/2'),
(178, 1, '2018-08-05 18:36:03', 1, 26, '/2'),
(179, 1, '2018-08-05 18:44:54', 1, 25, ''),
(180, 1, '2018-08-05 18:45:17', 1, 26, '/8'),
(181, 1, '2018-08-05 18:50:00', 1, 22, ''),
(182, 1, '2018-08-05 18:56:22', 1, 22, ''),
(183, 1, '2018-08-05 18:56:43', 1, 22, ''),
(184, 1, '2018-08-05 18:57:56', 1, 20, ''),
(185, 1, '2018-08-05 18:59:19', 1, 20, ''),
(186, 1, '2018-08-05 18:59:50', 1, 16, ''),
(187, 1, '2018-08-05 19:00:14', 1, 16, ''),
(188, 1, '2018-08-05 19:08:26', 1, 16, ''),
(189, 1, '2018-08-05 19:08:35', 1, 19, ''),
(190, 1, '2018-08-05 19:10:36', 1, 20, ''),
(191, 1, '2018-08-05 19:11:25', 1, 20, ''),
(192, 1, '2018-08-05 19:12:03', 1, 16, ''),
(193, 1, '2018-08-05 19:12:17', 1, 16, ''),
(194, 1, '2018-08-05 19:21:25', 1, 16, ''),
(195, 1, '2018-08-07 18:46:47', 1, 10, ''),
(196, 1, '2018-08-07 18:47:12', 1, 10, ''),
(197, 1, '2018-08-07 18:48:23', 1, 10, ''),
(198, 1, '2018-08-07 18:48:55', 1, 10, ''),
(199, 1, '2018-08-07 18:49:39', 1, 10, ''),
(200, 1, '2018-08-07 18:50:35', 1, 10, ''),
(201, 1, '2018-08-07 18:50:45', 1, 10, ''),
(202, 1, '2018-08-07 19:00:49', 1, 10, ''),
(203, 1, '2018-08-07 19:01:35', 1, 10, ''),
(204, 1, '2018-08-07 19:03:55', 1, 10, ''),
(205, 1, '2018-08-07 19:13:56', 1, 10, ''),
(206, 1, '2018-08-07 19:23:59', 1, 10, ''),
(207, 1, '2018-08-07 19:34:04', 1, 10, ''),
(208, 1, '2018-08-07 19:40:05', 1, 10, ''),
(209, 1, '2018-08-07 19:42:04', 1, 10, ''),
(210, 1, '2018-08-07 19:42:55', 1, 10, ''),
(211, 1, '2018-08-07 19:52:56', 1, 10, ''),
(212, 1, '2018-08-07 19:58:46', 1, 10, ''),
(213, 1, '2018-08-07 20:01:26', 1, 10, ''),
(214, 1, '2018-08-07 20:03:00', 1, 10, ''),
(215, 1, '2018-08-07 20:06:14', 1, 10, ''),
(216, 1, '2018-08-07 20:08:26', 1, 10, ''),
(217, 1, '2018-08-07 20:10:56', 1, 10, ''),
(218, 1, '2018-08-07 20:13:56', 1, 10, ''),
(219, 1, '2018-08-07 20:23:58', 1, 10, ''),
(220, 1, '2018-08-12 13:20:03', 1, 16, ''),
(221, 1, '2018-08-12 13:20:16', 1, 23, '/3'),
(222, 1, '2018-08-12 13:21:15', 1, 28, '/10'),
(223, 1, '2018-08-12 13:30:04', 1, 16, ''),
(224, 1, '2018-08-12 13:31:18', 1, 28, '/10'),
(225, 1, '2018-08-12 13:59:50', 1, 16, ''),
(226, 1, '2018-08-15 20:44:28', 1, 15, ''),
(227, 1, '2018-08-15 20:44:58', 1, 15, '/1'),
(228, 1, '2018-08-15 20:45:08', 1, 16, ''),
(229, 1, '2018-08-15 20:45:35', 1, 28, '/18'),
(230, 1, '2018-08-15 20:46:16', 1, 28, '/18'),
(231, 1, '2018-08-15 20:46:29', 1, 16, ''),
(232, 1, '2018-08-15 20:46:37', 1, 16, ''),
(233, 1, '2018-08-15 20:53:29', 1, 20, ''),
(234, 1, '2018-08-15 20:53:43', 1, 22, ''),
(235, 1, '2018-08-15 21:04:28', 1, 23, '/10'),
(236, 1, '2018-08-15 21:04:37', 1, 20, ''),
(237, 1, '2018-08-15 21:05:30', 1, 20, ''),
(238, 1, '2018-08-15 21:05:41', 1, 16, ''),
(239, 1, '2018-08-15 21:06:04', 1, 16, ''),
(240, 1, '2018-08-18 22:22:17', 1, 22, ''),
(241, 1, '2018-08-18 22:23:37', 1, 23, '/12'),
(242, 1, '2018-08-18 22:23:46', 1, 22, ''),
(243, 1, '2018-08-18 22:24:33', 1, 23, '/13'),
(244, 1, '2018-08-18 22:24:41', 1, 22, ''),
(245, 1, '2018-08-18 22:25:50', 1, 23, '/14'),
(246, 1, '2018-08-18 22:25:59', 1, 25, ''),
(247, 1, '2018-08-18 22:26:32', 1, 26, '/9'),
(248, 1, '2018-08-18 22:26:42', 1, 22, ''),
(249, 1, '2018-08-18 22:27:33', 1, 23, '/15'),
(250, 1, '2018-08-18 22:27:41', 1, 22, ''),
(251, 1, '2018-08-18 22:28:34', 1, 23, '/16'),
(252, 1, '2018-08-18 22:28:43', 1, 16, ''),
(253, 1, '2018-08-18 22:29:24', 1, 16, ''),
(254, 1, '2018-08-18 22:29:43', 1, 16, ''),
(255, 1, '2018-08-18 22:29:56', 1, 19, ''),
(256, 1, '2018-08-18 22:30:10', 1, 19, ''),
(257, 1, '2018-08-18 22:30:21', 1, 20, ''),
(258, 1, '2018-08-18 22:32:01', 1, 20, ''),
(259, 1, '2018-08-18 22:32:48', 1, 20, ''),
(260, 1, '2018-08-18 22:33:47', 1, 20, ''),
(261, 1, '2018-08-18 22:34:56', 1, 20, ''),
(262, 1, '2018-08-18 22:35:09', 1, 20, ''),
(263, 1, '2018-08-18 22:36:08', 1, 20, ''),
(264, 1, '2018-08-18 22:36:19', 1, 16, ''),
(265, 1, '2018-08-18 22:36:34', 1, 16, ''),
(266, 1, '2018-08-18 22:43:04', 1, 17, ''),
(267, 1, '2018-08-18 22:43:49', 1, 19, ''),
(268, 1, '2018-08-18 22:54:38', 1, 19, ''),
(269, 1, '2018-08-19 01:00:49', 1, 16, ''),
(270, 1, '2018-08-19 01:01:07', 1, 28, '/26'),
(271, 1, '2018-08-19 01:02:13', 1, 28, '/26'),
(272, 1, '2018-08-19 01:02:24', 1, 28, '/26'),
(273, 1, '2018-08-19 01:02:31', 1, 16, ''),
(274, 1, '2018-08-19 01:21:01', 1, 16, ''),
(275, 1, '2018-08-19 02:20:27', 1, 16, ''),
(276, 1, '2018-08-19 02:20:37', 1, 28, '/27'),
(277, 1, '2018-08-19 02:21:41', 1, 28, '/27'),
(278, 1, '2018-08-19 02:21:49', 1, 16, ''),
(279, 1, '2018-08-19 02:21:59', 1, 16, ''),
(280, 1, '2018-08-19 02:35:45', 1, 16, ''),
(281, 1, '2018-08-19 02:35:45', 1, 16, ''),
(282, 1, '2018-08-19 02:55:57', 1, 16, ''),
(283, 1, '2018-08-21 13:19:58', 1, 24, ''),
(284, 1, '2018-08-21 13:20:07', 1, 26, '/9'),
(285, 1, '2018-08-21 13:20:21', 1, 24, ''),
(286, 1, '2018-08-21 13:20:44', 1, 26, '/1'),
(287, 1, '2018-08-21 13:21:07', 1, 24, ''),
(288, 1, '2018-08-21 13:21:18', 1, 26, '/9'),
(289, 1, '2018-08-21 13:25:31', 1, 30, ''),
(290, 1, '2018-08-21 13:25:55', 1, 19, ''),
(291, 1, '2018-08-21 13:26:31', 1, 30, ''),
(292, 1, '2018-08-21 13:27:09', 1, 16, ''),
(293, 1, '2018-08-21 13:27:21', 1, 18, ''),
(294, 1, '2018-08-21 13:28:19', 1, 18, ''),
(295, 1, '2018-08-21 13:28:45', 1, 29, ''),
(296, 1, '2018-08-21 13:31:34', 1, 27, ''),
(297, 1, '2018-08-21 13:32:23', 1, 27, ''),
(298, 1, '2018-08-21 13:33:24', 1, 27, ''),
(299, 1, '2018-08-21 13:35:04', 1, 18, ''),
(300, 1, '2018-08-21 13:35:41', 1, 19, ''),
(301, 1, '2018-08-21 13:45:25', 1, 27, ''),
(302, 1, '2018-08-21 13:47:38', 1, 27, ''),
(303, 1, '2018-08-21 13:47:49', 1, 27, ''),
(304, 1, '2018-08-21 13:47:59', 1, 27, ''),
(305, 1, '2018-08-21 14:02:59', 1, 30, ''),
(306, 1, '2018-08-21 14:03:16', 1, 27, ''),
(307, 1, '2018-08-21 14:03:24', 1, 30, ''),
(308, 1, '2018-08-21 14:03:27', 1, 30, ''),
(309, 1, '2018-08-21 14:03:33', 1, 30, ''),
(310, 1, '2018-08-21 14:04:13', 1, 30, ''),
(311, 1, '2018-08-21 14:04:22', 1, 24, ''),
(312, 1, '2018-08-21 14:04:57', 1, 26, '/5'),
(313, 1, '2018-08-21 14:05:03', 1, 24, ''),
(314, 1, '2018-08-21 14:05:10', 1, 26, '/1'),
(315, 1, '2018-08-21 14:05:13', 1, 24, ''),
(316, 1, '2018-08-21 14:05:24', 1, 30, ''),
(317, 1, '2018-08-21 14:05:34', 1, 24, ''),
(318, 1, '2018-08-21 14:05:49', 1, 26, '/1'),
(319, 1, '2018-08-21 14:06:12', 1, 24, ''),
(320, 1, '2018-08-21 14:06:16', 1, 26, '/1'),
(321, 1, '2018-08-21 14:06:43', 1, 24, ''),
(322, 1, '2018-08-21 14:06:50', 1, 30, ''),
(323, 1, '2018-08-21 14:06:57', 1, 30, ''),
(324, 1, '2018-08-21 14:37:00', 1, 30, ''),
(325, 1, '2018-08-21 14:38:21', 1, 16, ''),
(326, 1, '2018-08-21 14:38:31', 1, 16, ''),
(327, 1, '2018-08-21 14:39:06', 1, 16, ''),
(328, 1, '2018-08-21 14:39:21', 1, 16, ''),
(329, 1, '2018-08-21 14:40:24', 1, 16, ''),
(330, 1, '2018-08-21 14:40:30', 1, 28, '/29'),
(331, 1, '2018-08-21 14:41:07', 1, 28, '/29'),
(332, 1, '2018-08-21 14:41:16', 1, 16, ''),
(333, 1, '2018-08-21 14:41:25', 1, 16, ''),
(334, 1, '2018-08-21 14:43:24', 1, 16, ''),
(335, 1, '2018-08-21 14:43:30', 1, 28, '/30'),
(336, 1, '2018-08-21 14:44:10', 1, 28, '/30'),
(337, 1, '2018-08-21 14:44:15', 1, 16, ''),
(338, 1, '2018-08-21 14:44:22', 1, 16, ''),
(339, 1, '2018-08-21 14:52:45', 1, 16, ''),
(340, 1, '2018-08-21 14:52:48', 1, 16, ''),
(341, 1, '2018-08-21 14:52:58', 1, 28, '/32'),
(342, 1, '2018-08-21 14:53:35', 1, 16, ''),
(343, 1, '2018-08-21 14:53:36', 1, 28, '/32'),
(344, 1, '2018-08-21 14:53:55', 1, 16, ''),
(345, 1, '2018-08-21 14:54:05', 1, 16, ''),
(346, 1, '2018-08-21 14:54:46', 1, 30, ''),
(347, 1, '2018-08-21 14:54:52', 1, 16, ''),
(348, 1, '2018-08-21 14:54:59', 1, 21, ''),
(349, 1, '2018-08-21 14:55:10', 1, 23, '/16'),
(350, 1, '2018-08-21 14:55:26', 1, 21, ''),
(351, 1, '2018-08-21 14:55:44', 1, 23, '/16'),
(352, 1, '2018-08-21 14:55:52', 1, 21, ''),
(353, 1, '2018-08-21 14:57:04', 1, 24, ''),
(354, 1, '2018-08-21 14:57:07', 1, 26, '/1'),
(355, 1, '2018-08-21 14:57:10', 1, 24, ''),
(356, 1, '2018-08-21 15:03:37', 1, 15, ''),
(357, 1, '2018-08-21 15:03:42', 1, 10, ''),
(358, 1, '2018-08-21 15:04:05', 1, 10, ''),
(359, 1, '2018-08-21 15:04:24', 1, 10, ''),
(360, 1, '2018-08-21 15:05:06', 1, 10, ''),
(361, 1, '2018-08-21 15:05:56', 1, 10, ''),
(362, 1, '2018-08-21 15:06:16', 1, 10, ''),
(363, 1, '2018-08-21 15:06:37', 1, 10, ''),
(364, 1, '2018-08-21 15:09:00', 1, 10, ''),
(365, 1, '2018-08-21 15:09:37', 1, 10, ''),
(366, 1, '2018-08-21 15:10:15', 1, 10, ''),
(367, 1, '2018-08-21 15:10:48', 1, 10, ''),
(368, 1, '2018-08-21 15:11:09', 1, 10, ''),
(369, 1, '2018-08-21 15:13:28', 1, 10, ''),
(370, 1, '2018-08-21 15:21:20', 1, 20, ''),
(371, 1, '2018-08-21 15:22:19', 1, 20, ''),
(372, 1, '2018-08-21 15:22:51', 1, 19, ''),
(373, 1, '2018-08-21 15:23:07', 1, 17, ''),
(374, 1, '2018-08-21 15:23:26', 1, 16, ''),
(375, 1, '2018-08-21 15:23:34', 1, 28, '/35'),
(376, 1, '2018-08-21 15:24:01', 1, 28, '/35'),
(377, 1, '2018-08-21 15:24:12', 1, 17, ''),
(378, 1, '2018-08-21 15:24:19', 1, 16, ''),
(379, 1, '2018-08-21 15:24:27', 1, 16, ''),
(380, 1, '2018-08-21 15:25:25', 1, 17, ''),
(381, 1, '2018-08-21 15:25:46', 1, 17, ''),
(382, 1, '2018-08-21 15:29:13', 1, 19, ''),
(383, 1, '2018-08-21 15:29:47', 1, 19, ''),
(384, 1, '2018-08-21 15:33:27', 1, 16, ''),
(385, 1, '2018-08-21 15:39:48', 1, 19, ''),
(386, 1, '2018-08-21 15:43:28', 1, 16, ''),
(387, 1, '2018-08-24 01:10:47', 1, 22, ''),
(388, 1, '2018-08-24 01:11:40', 1, 23, '/25'),
(389, 1, '2018-08-24 01:11:52', 1, 16, ''),
(390, 1, '2018-08-24 01:12:10', 1, 20, ''),
(391, 1, '2018-08-24 01:14:31', 1, 20, ''),
(392, 1, '2018-08-24 01:32:01', 1, 20, ''),
(393, 1, '2018-08-24 02:11:31', 1, 16, ''),
(394, 1, '2018-08-24 02:11:49', 1, 16, ''),
(395, 1, '2018-08-24 02:39:45', 1, 16, ''),
(396, 1, '2018-08-28 13:25:31', 1, 20, ''),
(397, 1, '2018-08-28 13:26:01', 1, 20, ''),
(398, 1, '2018-08-28 13:26:05', 1, 16, ''),
(399, 1, '2018-08-28 13:26:23', 1, 16, ''),
(400, 1, '2018-08-28 13:30:04', 1, 20, ''),
(401, 1, '2018-08-28 13:30:55', 1, 20, ''),
(402, 1, '2018-08-28 13:31:14', 1, 16, ''),
(403, 1, '2018-08-28 13:31:31', 1, 16, ''),
(404, 1, '2018-08-28 13:41:32', 1, 16, ''),
(405, 1, '2018-08-28 13:43:55', 1, 20, ''),
(406, 1, '2018-08-28 13:44:21', 1, 20, ''),
(407, 1, '2018-08-28 13:44:24', 1, 16, ''),
(408, 1, '2018-08-28 13:44:36', 1, 16, ''),
(409, 1, '2018-08-28 13:54:37', 1, 16, ''),
(410, 1, '2018-08-28 14:07:46', 1, 16, ''),
(411, 1, '2018-08-28 14:17:48', 1, 16, ''),
(412, 1, '2018-08-28 14:27:50', 1, 16, ''),
(413, 1, '2018-08-28 14:37:51', 1, 16, ''),
(414, 1, '2018-08-28 14:47:53', 1, 16, ''),
(415, 1, '2018-08-28 14:57:55', 1, 16, ''),
(416, 1, '2018-08-28 15:07:56', 1, 16, ''),
(417, 1, '2018-08-28 15:17:58', 1, 16, ''),
(418, 1, '2018-08-28 15:27:59', 1, 16, ''),
(419, 1, '2018-08-28 15:38:01', 1, 16, ''),
(420, 1, '2018-08-28 15:48:02', 1, 16, ''),
(421, 1, '2018-08-28 15:58:04', 1, 16, ''),
(422, 1, '2018-08-28 16:08:06', 1, 16, ''),
(423, 1, '2018-08-28 16:18:07', 1, 16, ''),
(424, 1, '2018-08-28 16:28:09', 1, 16, ''),
(425, 1, '2018-08-28 16:38:11', 1, 16, ''),
(426, 1, '2018-08-28 16:48:12', 1, 16, ''),
(427, 1, '2018-08-28 16:58:14', 1, 16, ''),
(428, 1, '2018-08-28 17:08:16', 1, 16, ''),
(429, 1, '2018-08-28 17:18:18', 1, 16, ''),
(430, 1, '2018-08-28 17:28:20', 1, 16, ''),
(431, 1, '2018-08-28 17:42:08', 1, 16, ''),
(432, 1, '2018-08-28 17:52:12', 1, 16, ''),
(433, 1, '2018-08-28 18:02:14', 1, 16, ''),
(434, 1, '2018-08-28 18:12:16', 1, 16, ''),
(435, 1, '2018-08-28 18:22:18', 1, 16, ''),
(436, 1, '2018-08-28 18:32:20', 1, 16, ''),
(437, 1, '2018-08-28 18:42:21', 1, 16, ''),
(438, 1, '2018-08-28 18:52:23', 1, 16, ''),
(439, 1, '2018-08-28 19:02:25', 1, 16, ''),
(440, 1, '2018-08-28 19:21:16', 1, 16, ''),
(441, 1, '2018-08-28 19:31:19', 1, 16, ''),
(442, 1, '2018-08-28 19:41:20', 1, 16, ''),
(443, 1, '2018-08-28 19:51:22', 1, 16, ''),
(444, 1, '2018-08-28 20:01:24', 1, 16, ''),
(445, 1, '2018-08-28 20:11:26', 1, 16, ''),
(446, 1, '2018-08-28 20:21:27', 1, 16, ''),
(447, 1, '2018-08-28 20:31:29', 1, 16, ''),
(448, 1, '2018-08-28 20:41:31', 1, 16, ''),
(449, 1, '2018-08-28 20:51:33', 1, 16, ''),
(450, 1, '2018-08-28 21:01:35', 1, 16, ''),
(451, 1, '2018-08-28 21:11:37', 1, 16, ''),
(452, 1, '2018-08-28 21:21:39', 1, 16, ''),
(453, 1, '2018-09-25 13:32:49', 1, 20, ''),
(454, 1, '2018-09-25 13:42:50', 1, 20, ''),
(455, 1, '2018-09-25 13:52:51', 1, 20, ''),
(456, 1, '2018-09-25 14:02:54', 1, 20, ''),
(457, 1, '2018-09-25 14:07:14', 1, 20, ''),
(458, 1, '2018-09-25 14:07:48', 1, 20, ''),
(459, 1, '2018-09-25 14:10:11', 1, 16, ''),
(460, 1, '2018-09-25 14:10:51', 1, 16, ''),
(461, 1, '2018-09-25 14:20:52', 1, 16, ''),
(462, 1, '2018-09-25 14:40:16', 1, 16, ''),
(463, 1, '2018-09-25 14:50:17', 1, 16, ''),
(464, 1, '2018-09-25 16:43:58', 1, 20, ''),
(465, 1, '2018-09-25 16:46:12', 1, 20, ''),
(466, 1, '2018-09-25 16:46:16', 1, 16, ''),
(467, 1, '2018-09-25 16:46:21', 1, 16, ''),
(468, 1, '2018-09-25 16:56:22', 1, 16, ''),
(469, 1, '2018-09-25 16:56:29', 1, 20, ''),
(470, 1, '2018-09-25 17:06:30', 1, 20, ''),
(471, 1, '2018-09-25 17:16:31', 1, 20, ''),
(472, 1, '2018-09-25 17:17:47', 1, 20, ''),
(473, 1, '2018-09-25 17:17:50', 1, 16, ''),
(474, 1, '2018-09-25 17:17:56', 1, 16, ''),
(475, 1, '2018-09-25 17:23:58', 1, 20, ''),
(476, 1, '2018-09-25 17:24:36', 1, 20, ''),
(477, 1, '2018-09-25 17:24:39', 1, 16, ''),
(478, 1, '2018-09-25 17:24:43', 1, 16, ''),
(479, 1, '2018-09-25 17:34:44', 1, 16, ''),
(480, 1, '2018-09-25 17:43:58', 1, 20, ''),
(481, 1, '2018-09-25 17:44:37', 1, 20, ''),
(482, 1, '2018-09-25 17:44:41', 1, 16, ''),
(483, 1, '2018-09-25 17:44:46', 1, 16, ''),
(484, 1, '2018-09-25 17:54:47', 1, 16, ''),
(485, 1, '2018-09-25 18:04:47', 1, 16, ''),
(486, 1, '2018-09-25 18:14:48', 1, 16, ''),
(487, 1, '2018-09-25 18:15:10', 1, 20, ''),
(488, 1, '2018-09-25 18:15:50', 1, 20, ''),
(489, 1, '2018-09-25 18:15:52', 1, 16, ''),
(490, 1, '2018-09-25 18:15:56', 1, 16, ''),
(491, 1, '2018-09-25 18:25:57', 1, 16, ''),
(492, 1, '2018-09-25 18:35:58', 1, 16, ''),
(493, 1, '2018-09-25 18:45:59', 1, 16, ''),
(494, 1, '2018-09-25 18:55:59', 1, 16, ''),
(495, 1, '2018-09-25 19:06:00', 1, 16, ''),
(496, 1, '2018-09-25 19:16:01', 1, 16, ''),
(497, 1, '2018-09-25 19:26:02', 1, 16, ''),
(498, 1, '2018-09-25 19:36:03', 1, 16, ''),
(499, 1, '2018-09-25 19:46:04', 1, 16, ''),
(500, 1, '2018-09-25 19:56:05', 1, 16, ''),
(501, 1, '2018-09-25 20:06:05', 1, 16, ''),
(502, 1, '2018-09-25 20:16:07', 1, 16, ''),
(503, 1, '2018-09-25 20:26:07', 1, 16, ''),
(504, 1, '2018-09-25 20:36:08', 1, 16, ''),
(505, 1, '2018-09-25 20:46:09', 1, 16, ''),
(506, 1, '2018-09-25 20:56:10', 1, 16, ''),
(507, 1, '2018-09-25 21:06:11', 1, 16, ''),
(508, 1, '2018-09-25 21:16:12', 1, 16, ''),
(509, 1, '2018-09-25 21:26:13', 1, 16, ''),
(510, 1, '2018-09-25 21:36:14', 1, 16, ''),
(511, 1, '2018-09-25 21:46:14', 1, 16, ''),
(512, 1, '2018-09-25 21:56:15', 1, 16, ''),
(513, 1, '2018-09-25 22:06:16', 1, 16, ''),
(514, 1, '2018-09-25 22:16:17', 1, 16, ''),
(515, 1, '2018-09-25 22:26:18', 1, 16, ''),
(516, 1, '2018-09-25 22:36:21', 1, 16, ''),
(517, 1, '2018-09-25 22:46:23', 1, 16, ''),
(518, 1, '2018-09-25 22:56:24', 1, 16, ''),
(519, 1, '2018-09-28 15:34:57', 1, 22, ''),
(520, 1, '2018-09-28 15:37:07', 1, 23, '/30'),
(521, 1, '2018-09-28 15:37:17', 1, 20, ''),
(522, 1, '2018-09-28 15:38:50', 1, 20, ''),
(523, 1, '2018-09-28 15:38:59', 1, 16, ''),
(524, 1, '2018-09-28 15:39:12', 1, 16, ''),
(525, 1, '2018-09-28 15:49:22', 1, 16, ''),
(526, 1, '2018-09-28 15:49:49', 1, 10, ''),
(527, 1, '2018-09-28 15:52:01', 1, 10, ''),
(528, 1, '2018-09-28 15:52:36', 1, 10, ''),
(529, 1, '2018-09-28 15:52:49', 1, 16, ''),
(530, 1, '2018-09-28 15:53:34', 1, 16, ''),
(531, 1, '2018-09-28 15:53:41', 1, 28, '/55'),
(532, 1, '2018-09-28 15:54:55', 1, 28, '/55'),
(533, 1, '2018-09-28 15:55:42', 1, 16, ''),
(534, 1, '2018-09-28 15:55:49', 1, 28, '/55'),
(535, 1, '2018-09-28 15:55:59', 1, 16, ''),
(536, 1, '2018-09-28 15:56:09', 1, 16, ''),
(537, 1, '2018-09-28 15:56:26', 1, 10, ''),
(538, 1, '2018-09-28 15:57:30', 1, 10, ''),
(539, 1, '2018-09-28 16:02:17', 1, 18, ''),
(540, 1, '2018-09-28 16:02:59', 1, 19, ''),
(541, 1, '2018-09-28 16:03:36', 1, 16, ''),
(542, 1, '2018-09-28 16:04:44', 1, 18, ''),
(543, 1, '2018-09-28 16:05:09', 1, 18, ''),
(544, 1, '2018-09-28 16:05:26', 1, 18, ''),
(545, 1, '2018-09-28 16:05:52', 1, 19, ''),
(546, 1, '2018-09-28 16:06:12', 1, 18, ''),
(547, 1, '2018-09-28 16:06:24', 1, 18, ''),
(548, 1, '2018-09-28 16:07:16', 1, 18, ''),
(549, 1, '2018-09-28 16:07:35', 1, 19, ''),
(550, 1, '2018-09-28 16:09:14', 1, 18, ''),
(551, 1, '2018-09-28 16:09:29', 1, 19, ''),
(552, 1, '2018-09-28 16:10:23', 1, 20, ''),
(553, 1, '2018-09-28 16:11:12', 1, 20, ''),
(554, 1, '2018-09-28 16:11:21', 1, 16, ''),
(555, 1, '2018-09-28 16:11:38', 1, 16, ''),
(556, 1, '2018-09-28 16:13:41', 1, 16, ''),
(557, 1, '2018-09-28 16:16:01', 1, 19, ''),
(558, 1, '2018-09-28 16:16:35', 1, 16, ''),
(559, 1, '2018-09-28 16:16:42', 1, 19, ''),
(560, 1, '2018-09-28 16:18:46', 1, 19, ''),
(561, 1, '2018-09-28 16:20:50', 1, 15, ''),
(562, 1, '2018-09-28 16:21:07', 1, 18, ''),
(563, 1, '2018-09-28 16:21:14', 1, 18, '/20'),
(564, 1, '2018-09-28 16:21:31', 1, 18, ''),
(565, 1, '2018-09-28 16:21:34', 1, 15, ''),
(566, 1, '2018-09-28 16:21:36', 1, 19, ''),
(567, 1, '2018-09-28 16:22:16', 1, 10, ''),
(568, 1, '2018-09-28 16:23:43', 1, 16, ''),
(569, 1, '2018-09-28 16:24:52', 1, 18, ''),
(570, 1, '2018-09-28 16:25:06', 1, 18, '/20'),
(571, 1, '2018-09-28 16:25:51', 1, 19, ''),
(572, 1, '2018-09-28 16:26:44', 1, 20, ''),
(573, 1, '2018-09-28 16:29:16', 1, 20, ''),
(574, 1, '2018-09-28 16:29:30', 1, 16, ''),
(575, 1, '2018-09-28 16:29:40', 1, 16, ''),
(576, 1, '2018-09-28 16:39:41', 1, 16, ''),
(577, 1, '2018-09-28 16:45:00', 1, 18, ''),
(578, 1, '2018-09-28 16:45:09', 1, 19, ''),
(579, 1, '2018-09-28 16:46:59', 1, 19, ''),
(580, 1, '2018-09-28 16:48:25', 1, 19, ''),
(581, 1, '2018-09-28 16:48:53', 1, 10, ''),
(582, 1, '2018-09-28 16:50:41', 1, 10, ''),
(583, 1, '2018-09-28 17:00:43', 1, 10, ''),
(584, 1, '2018-09-28 17:10:44', 1, 10, ''),
(585, 1, '2018-09-28 17:20:46', 1, 10, ''),
(586, 1, '2018-09-28 17:30:47', 1, 10, ''),
(587, 1, '2018-09-28 17:40:48', 1, 10, ''),
(588, 1, '2018-09-28 17:50:49', 1, 10, ''),
(589, 1, '2018-09-28 18:00:50', 1, 10, ''),
(590, 1, '2018-09-28 18:10:51', 1, 10, ''),
(591, 1, '2018-09-28 18:20:53', 1, 10, ''),
(592, 1, '2018-09-28 18:30:54', 1, 10, ''),
(593, 1, '2018-09-28 18:40:56', 1, 10, ''),
(594, 1, '2018-09-28 18:50:58', 1, 10, ''),
(595, 1, '2018-09-28 18:53:11', 1, 15, ''),
(596, 1, '2018-09-28 18:53:16', 1, 15, ''),
(597, 1, '2018-10-01 13:42:45', 1, 10, ''),
(598, 1, '2018-10-01 13:43:16', 1, 10, ''),
(599, 1, '2018-10-01 13:53:17', 1, 10, ''),
(600, 1, '2018-10-01 14:03:18', 1, 10, ''),
(601, 1, '2018-10-01 14:13:19', 1, 10, ''),
(602, 1, '2018-10-01 14:18:03', 1, 10, ''),
(603, 1, '2018-10-01 14:19:16', 1, 10, ''),
(604, 1, '2018-10-01 14:19:19', 1, 10, ''),
(605, 1, '2018-10-01 14:21:55', 1, 10, ''),
(606, 1, '2018-10-01 14:21:56', 1, 10, ''),
(607, 1, '2018-10-01 14:23:00', 1, 10, ''),
(608, 1, '2018-10-01 14:23:10', 1, 10, ''),
(609, 1, '2018-10-01 14:26:54', 1, 10, ''),
(610, 1, '2018-10-01 14:36:55', 1, 10, ''),
(611, 1, '2018-10-01 14:46:57', 1, 10, ''),
(612, 1, '2018-10-01 14:49:15', 1, 10, ''),
(613, 1, '2018-10-01 14:51:55', 1, 10, ''),
(614, 1, '2018-10-01 14:52:42', 1, 10, ''),
(615, 1, '2018-10-01 14:53:06', 1, 10, ''),
(616, 1, '2018-10-01 14:53:24', 1, 10, ''),
(617, 1, '2018-10-01 15:03:25', 1, 10, ''),
(618, 1, '2018-10-01 15:13:25', 1, 10, ''),
(619, 1, '2018-10-01 16:14:56', 1, 10, ''),
(620, 1, '2018-10-01 16:24:57', 1, 10, ''),
(621, 1, '2018-10-01 16:34:58', 1, 10, ''),
(622, 1, '2018-10-01 16:44:59', 1, 10, ''),
(623, 1, '2018-10-01 16:55:01', 1, 10, ''),
(624, 1, '2018-10-01 17:05:02', 1, 10, ''),
(625, 1, '2018-10-01 17:15:03', 1, 10, ''),
(626, 1, '2018-10-01 17:25:04', 1, 10, ''),
(627, 1, '2018-10-01 17:35:05', 1, 10, ''),
(628, 1, '2018-10-01 17:45:06', 1, 10, ''),
(629, 1, '2018-10-01 17:55:07', 1, 10, ''),
(630, 1, '2018-10-01 18:05:08', 1, 10, ''),
(631, 1, '2018-10-01 18:15:11', 1, 10, ''),
(632, 1, '2018-10-01 18:25:12', 1, 10, ''),
(633, 1, '2018-10-01 18:35:13', 1, 10, ''),
(634, 1, '2018-10-01 18:45:14', 1, 10, ''),
(635, 1, '2018-10-01 18:55:15', 1, 10, ''),
(636, 1, '2018-10-01 19:05:16', 1, 10, ''),
(637, 1, '2018-10-01 19:15:17', 1, 10, ''),
(638, 1, '2018-10-02 12:11:21', 1, 10, ''),
(639, 1, '2018-10-02 12:11:56', 1, 10, ''),
(640, 1, '2018-10-02 12:13:00', 1, 10, ''),
(641, 1, '2018-10-02 12:13:50', 1, 10, ''),
(642, 1, '2018-10-02 12:14:36', 1, 10, ''),
(643, 1, '2018-10-02 12:34:00', 1, 10, ''),
(644, 1, '2018-10-02 12:55:58', 1, 10, ''),
(645, 1, '2018-10-02 12:56:48', 1, 10, ''),
(646, 1, '2018-10-02 12:57:07', 1, 10, ''),
(647, 1, '2018-10-02 12:57:40', 1, 10, ''),
(648, 1, '2018-10-02 12:57:56', 1, 10, ''),
(649, 1, '2018-10-02 12:58:41', 1, 10, ''),
(650, 1, '2018-10-02 12:59:17', 1, 10, ''),
(651, 1, '2018-10-02 13:00:52', 1, 10, ''),
(652, 1, '2018-10-02 13:01:10', 1, 10, ''),
(653, 1, '2018-10-02 13:06:40', 1, 10, ''),
(654, 1, '2018-10-02 13:08:18', 1, 27, ''),
(655, 1, '2018-10-02 13:16:27', 1, 10, ''),
(656, 1, '2018-10-02 13:17:28', 1, 10, ''),
(657, 1, '2018-10-02 13:22:21', 1, 10, ''),
(658, 1, '2018-10-02 13:23:20', 1, 10, ''),
(659, 1, '2018-10-02 13:23:38', 1, 10, ''),
(660, 1, '2018-10-02 13:24:26', 1, 10, ''),
(661, 1, '2018-10-02 13:24:47', 1, 10, ''),
(662, 1, '2018-10-02 13:24:59', 1, 10, ''),
(663, 1, '2018-10-02 13:27:58', 1, 10, ''),
(664, 1, '2018-10-02 13:33:15', 1, 16, ''),
(665, 1, '2018-10-02 13:33:27', 1, 28, '/62'),
(666, 1, '2018-10-02 13:34:05', 1, 28, '/62'),
(667, 1, '2018-10-02 13:34:14', 1, 16, ''),
(668, 1, '2018-10-02 13:34:25', 1, 16, ''),
(669, 1, '2018-10-02 13:36:56', 1, 29, ''),
(670, 1, '2018-10-02 13:47:48', 1, 21, ''),
(671, 1, '2018-10-02 13:48:22', 1, 15, ''),
(672, 1, '2018-10-02 13:48:53', 1, 29, ''),
(673, 1, '2018-10-02 13:49:17', 1, 21, ''),
(674, 1, '2018-10-02 13:49:59', 1, 29, ''),
(675, 1, '2018-10-02 13:50:11', 1, 22, ''),
(676, 1, '2018-10-02 13:50:14', 1, 29, ''),
(677, 1, '2018-10-02 13:50:21', 1, 21, ''),
(678, 1, '2018-10-02 13:50:37', 1, 23, '/14'),
(679, 1, '2018-10-02 13:51:28', 1, 21, ''),
(680, 1, '2018-10-02 13:52:00', 1, 23, '/14'),
(681, 1, '2018-10-02 13:52:11', 1, 23, '/14'),
(682, 1, '2018-10-02 13:53:27', 1, 23, '/14'),
(683, 1, '2018-10-02 13:53:29', 1, 21, ''),
(684, 1, '2018-10-02 13:53:52', 1, 21, ''),
(685, 1, '2018-10-02 13:54:37', 1, 24, ''),
(686, 1, '2018-10-02 13:55:17', 1, 26, '/2'),
(687, 1, '2018-10-02 13:56:06', 1, 21, ''),
(688, 1, '2018-10-02 13:56:21', 1, 24, ''),
(689, 1, '2018-10-02 13:56:26', 1, 26, '/2'),
(690, 1, '2018-10-02 13:58:05', 1, 26, '/2'),
(691, 1, '2018-10-02 13:58:23', 1, 24, ''),
(692, 1, '2018-10-02 13:58:32', 1, 26, '/1'),
(693, 1, '2018-10-02 13:58:51', 1, 26, '/1'),
(694, 1, '2018-10-02 13:58:59', 1, 26, '/1'),
(695, 1, '2018-10-02 13:59:01', 1, 24, ''),
(696, 1, '2018-10-02 13:59:11', 1, 26, '/2'),
(697, 1, '2018-10-02 13:59:24', 1, 26, '/2'),
(698, 1, '2018-10-02 13:59:32', 1, 26, '/2'),
(699, 1, '2018-10-02 13:59:34', 1, 24, ''),
(700, 1, '2018-10-02 14:00:01', 1, 26, '/9'),
(701, 1, '2018-10-02 14:05:58', 1, 24, ''),
(702, 1, '2018-10-02 14:05:58', 1, 26, '/2'),
(703, 1, '2018-10-02 14:06:00', 1, 26, '/2'),
(704, 1, '2018-10-02 14:06:47', 1, 24, ''),
(705, 1, '2018-10-02 14:17:21', 1, 24, ''),
(706, 1, '2018-10-02 14:28:29', 1, 24, '');

-- --------------------------------------------------------

--
-- Estrutura da tabela `seg_menu`
--

CREATE TABLE `seg_menu` (
  `id_menu` int(11) NOT NULL,
  `titulo_menu` varchar(100) NOT NULL,
  `descricao_menu` text NOT NULL,
  `menu_acima` int(11) DEFAULT NULL,
  `posicao_menu` int(11) DEFAULT NULL
) ENGINE=InnoDB DEFAULT CHARSET=utf8;

--
-- Extraindo dados da tabela `seg_menu`
--

INSERT INTO `seg_menu` (`id_menu`, `titulo_menu`, `descricao_menu`, `menu_acima`, `posicao_menu`) VALUES
(1, 'Segurança', 'Segurança, Perfils e Grupos', NULL, 1000),
(2, 'Editar Perfil', 'Editar Perfil', 1, NULL),
(3, 'Usuários', 'Lista de usuários ADM', 1, NULL),
(4, 'Grupos', 'Lista de grupos', 1, NULL),
(5, 'Notificações', 'Listas de Notificações', NULL, 999),
(6, 'Enviar Notificação', 'Lista de suas notificações podendo enviar uma nova.', 1, NULL),
(7, 'Relatórios', 'Relatórios', NULL, 998),
(8, 'Acessos', 'Relatório de Acessos', 7, NULL),
(9, 'Navegação', 'Relatório de Navegação', 7, NULL),
(10, 'Edições', 'Relatório de Edições', 7, NULL),
(11, 'Categorias', 'Categorias', NULL, 10),
(12, 'Leilão', 'Menus de leilões', NULL, 1),
(13, 'Pendentes', 'Leilões pendentes de aprovação', 12, NULL),
(14, 'Leilões Aprovados', 'Leilões Aprovados', 12, NULL),
(15, 'Leilões Finalizados', 'Leilões Finalizados', 12, NULL),
(16, 'Todos Leilões', 'Todos Leilões', 12, NULL),
(17, 'Criar Leilão', 'Criar Leilão', 12, NULL),
(18, 'Produtos', 'Produtos', NULL, 2),
(19, 'Criar produto', 'Criar produto', 18, NULL),
(20, 'Ver Produtos', 'Ver Produtos', 18, NULL),
(21, 'Pacotes', 'Pacotes', NULL, 3),
(22, 'Criar pacote', 'Criar pacote', 21, NULL),
(23, 'Ver Pacotes', 'Ver Pacotes', 21, NULL),
(24, 'Usuários', 'Lista Geral Usuários', 1, NULL),
(25, 'Ver Recompensas', 'Ver Recompensas', 18, NULL),
(26, 'Pagamentos', 'Pagamentos', NULL, NULL),
(27, 'Criar pacote', 'Criar pacote', 26, NULL);

-- --------------------------------------------------------

--
-- Estrutura da tabela `seg_models`
--

CREATE TABLE `seg_models` (
  `id_model` int(11) NOT NULL,
  `link_model` varchar(100) NOT NULL,
  `descricao_model` text NOT NULL
) ENGINE=InnoDB DEFAULT CHARSET=utf8;

--
-- Extraindo dados da tabela `seg_models`
--

INSERT INTO `seg_models` (`id_model`, `link_model`, `descricao_model`) VALUES
(1, 'Model_menu', 'Responsável pelos menus.'),
(2, 'Model_seguranca', 'Responsável pelo acesso as sistema e controle de perfils.'),
(3, 'Model_usuarios', 'Responsável pelo gerênciamento dos usuários.'),
(4, 'Model_grupos', 'Responsável pelo gerênciamento dos grupos.'),
(5, 'Model_notificacoes', 'Model Notificações'),
(6, 'Model_relatorios', 'Model Relatórios'),
(7, 'Model_categorias', 'Model categorias'),
(8, 'Model_leiloes', 'Model leilões'),
(9, 'Model_produtos', 'Model produtos'),
(10, 'Model_pacotes', 'Model pacotes');

-- --------------------------------------------------------

--
-- Estrutura da tabela `seg_usuarios`
--

CREATE TABLE `seg_usuarios` (
  `id_usuario` int(11) NOT NULL COMMENT 'ID Usuário',
  `nome_usuario` varchar(100) NOT NULL COMMENT 'Nome Usuário',
  `sexo_usuario` int(11) DEFAULT NULL COMMENT 'Sexo do usuário',
  `rg_usuario` varchar(11) DEFAULT NULL COMMENT 'RG do usuário',
  `cpf_usuario` varchar(11) DEFAULT NULL COMMENT 'cpf do usuario',
  `email_usuario` varchar(40) NOT NULL COMMENT 'E-mail Usuário',
  `telefone_usuario` varchar(11) DEFAULT NULL COMMENT 'Telefone Usuário',
  `celular_usuario` varchar(11) NOT NULL COMMENT 'Celular usuário',
  `cep_usuario` varchar(8) DEFAULT NULL COMMENT 'cep usuario',
  `logradouro_usuario` text COMMENT 'logradouro do usuario',
  `bairro_usuario` text COMMENT 'bairro do usuário',
  `cidade_usuario` varchar(255) DEFAULT NULL COMMENT 'cidade do usuario',
  `estado_usuario` int(11) DEFAULT NULL COMMENT 'estado do usuario',
  `numero_usuario` varchar(8) DEFAULT NULL COMMENT 'numero do usuario',
  `complemento_usuario` text COMMENT 'Complemento endereço',
  `login_usuario` varchar(255) NOT NULL COMMENT 'Login Usuário',
  `senha_usuario` varchar(40) NOT NULL COMMENT 'Senha Usuário',
  `ativo_usuario` tinyint(1) NOT NULL DEFAULT '1' COMMENT 'Status Usuário',
  `ativado_sms` tinyint(1) DEFAULT '0' COMMENT 'Ativado por SMS',
  `fk_grupo_usuario` int(11) NOT NULL COMMENT 'Grupo Usuário',
  `usuario_criou_usuario` int(11) DEFAULT NULL COMMENT 'Usuário que criou',
  `criacao_usuario` timestamp NOT NULL DEFAULT CURRENT_TIMESTAMP COMMENT 'Data criação',
  `fbid` text COMMENT 'id do facebook',
  `token_acesso` varchar(255) DEFAULT NULL COMMENT 'token de acesso para login'
) ENGINE=InnoDB DEFAULT CHARSET=utf8;

--
-- Extraindo dados da tabela `seg_usuarios`
--

INSERT INTO `seg_usuarios` (`id_usuario`, `nome_usuario`, `sexo_usuario`, `rg_usuario`, `cpf_usuario`, `email_usuario`, `telefone_usuario`, `celular_usuario`, `cep_usuario`, `logradouro_usuario`, `bairro_usuario`, `cidade_usuario`, `estado_usuario`, `numero_usuario`, `complemento_usuario`, `login_usuario`, `senha_usuario`, `ativo_usuario`, `ativado_sms`, `fk_grupo_usuario`, `usuario_criou_usuario`, `criacao_usuario`, `fbid`, `token_acesso`) VALUES
(1, 'Usuário Administrador', NULL, NULL, NULL, 'megamil3d@gmail.com', NULL, '11962782329', NULL, NULL, NULL, NULL, NULL, NULL, NULL, 'admin', '40bd001563085fc35165329ea1ff5c5ecbdbbeef', 1, 0, 1, NULL, '2018-07-31 17:04:02', NULL, NULL),
(2, 'Gerente', 28, '666', '98443477857', 'gerente@leilao24h.com', NULL, '11987654321', '01014010', 'Rua João Brícola', 'Centro', 'São Paulo', 25, '9', NULL, 'gerente@leilao24h.com', '7C4A8D09CA3762AF61E59520943DC26494F8941B', 1, 1, 2, NULL, '2018-07-31 17:04:02', NULL, 'b8d0aba65ab1aa169b3ef8c0318dab006ace5f062'),
(3, 'Cliente', 28, '1', '32919250841', 'cliente@leilao24h.com', '11976543218', '11976543218', '08062200', 'Rua José Guimarães', 'Vila Siria', 'São Paulo', 24, '166', NULL, 'cliente@leilao24h.com', '40bd001563085fc35165329ea1ff5c5ecbdbbeef', 0, 1, 3, NULL, '2018-07-31 17:04:02', NULL, 'e5801641a0083f02b5e56ef950f62ddef48080e23'),
(4, 'Eduardo Santos', NULL, NULL, NULL, 'megamil@me.com', NULL, '11962782323', NULL, NULL, NULL, NULL, NULL, NULL, NULL, 'megamil@me.com', '7c222fb2927d828af22f592134e8932480637c0d', 1, 1, 3, NULL, '2018-07-31 17:11:37', '1949964045054379', 'a260c099415f5664a12ead952a08db776f33cb364'),
(5, 'Wilson', 28, '1', '23171125803', 'lojawilsurf@gmail.com', '11947321994', '11947321994', '03147100', 'Rua Paramu', 'Vila Bela', 'São Paulo', 25, '693', NULL, 'lojawilsurf@gmail.com', 'b2579b06861d50f3ea19702e8de22887d58d562f', 1, 1, 3, NULL, '2018-08-01 23:41:43', NULL, '1a5cc40c2097cab0279fd4e3ef1b33870d49a8a45'),
(6, 'Felipy Tavares Amorim', NULL, NULL, NULL, 'felipyamorim@gmail.com', NULL, '61985458196', NULL, NULL, NULL, NULL, NULL, NULL, NULL, 'felipyamorim@gmail.com', '7c4a8d09ca3762af61e59520943dc26494f8941b', 1, 1, 3, NULL, '2018-08-02 19:33:47', NULL, '296b64db16f95602aa12b45726b22fea9a783b6e6'),
(7, 'Willians barbo', 28, '1', '3291925084', 'wil.taxi@yahoo.com.br', '1196033400', '11961033400', '08062200', 'Rua José Guimarães', 'Vila Siria', 'São Paulo', 25, '166', '3', 'wil.taxi@yahoo.com.br', '029a0fe485d40d3d5472a90d70340d4a161ea6d5', 1, 1, 3, NULL, '2018-08-03 19:53:25', NULL, '8ba17b0952848383ad7b677e7df1006dc2df68d17'),
(8, 'Raela lopes', NULL, NULL, NULL, 'wil.taxi3110@gmail.com', NULL, '11982482196', NULL, NULL, NULL, NULL, NULL, NULL, NULL, 'wil.taxi3110@gmail.com', '3b307447606ac02aaa74172f02471f4881279386', 1, 1, 3, NULL, '2018-08-05 19:22:10', NULL, '1818fa64531a3845b1aa492d0dc427c46ba6a0658'),
(9, 'Rafaela', NULL, NULL, NULL, 'sacimporta24h@gmail.com', NULL, '11958713464', NULL, NULL, NULL, NULL, NULL, NULL, NULL, 'sacimporta24h@gmail.com', 'b2579b06861d50f3ea19702e8de22887d58d562f', 1, 0, 3, NULL, '2018-08-05 20:38:40', NULL, '5f7f259b446a91fc99a29853ad60209fb47d26ce9'),
(10, 'Jonatas Alves', NULL, NULL, NULL, 'jonny255d@hotmail.com', NULL, '11942032176', NULL, NULL, NULL, NULL, NULL, NULL, NULL, 'jonny255d@hotmail.com', 'da39a3ee5e6b4b0d3255bfef95601890afd80709', 1, 1, 3, NULL, '2018-08-06 12:20:46', '1989132551398502', '5aace9956325300166c8e9c511c06a1d0920244a10'),
(11, 'william barbosa', 28, '666', '00154781576', 'contatoimporta24h@gmail.com', NULL, '43988434821', '03147100', 'Rua Paramu', 'Vila Bela', 'São Paulo', 25, '693', NULL, 'contatoimporta24h@gmail.com', 'b2579b06861d50f3ea19702e8de22887d58d562f', 1, 1, 3, NULL, '2018-08-20 04:56:07', NULL, '11eb60c5d35cb0abdf2938a506be1b1420b25fca11'),
(12, 'Glayson lage', NULL, NULL, NULL, 'wil.taxi31@gmail.com', NULL, '11981544724', NULL, NULL, NULL, NULL, NULL, NULL, NULL, 'wil.taxi31@gmail.com', 'be861971e58e815b85dcd6b7dd4d5fb3c126e6d3', 1, 1, 3, NULL, '2018-08-20 16:07:11', NULL, '95853c6745cda08d1f985aa4455b3c2a60f20b3612'),
(13, 'Wellington lage', NULL, NULL, NULL, 'we.taxi@yahoo.com.br', NULL, '11985266666', NULL, NULL, NULL, NULL, NULL, NULL, NULL, 'we.taxi@yahoo.com.br', '7c4a8d09ca3762af61e59520943dc26494f8941b', 1, 1, 3, NULL, '2018-08-21 14:17:43', NULL, '1efcebe7bc975a695bebbee74c059d7beb316c4713'),
(14, 'Caroline', NULL, NULL, NULL, 'caroline@gmail.com', NULL, '11952948825', NULL, NULL, NULL, NULL, NULL, NULL, NULL, 'caroline@gmail.com', 'b2579b06861d50f3ea19702e8de22887d58d562f', 1, 1, 3, NULL, '2018-08-21 14:34:02', NULL, 'dd5ff35833b86f683c8c06ad63a100ade485cd2014'),
(15, 'Teste', NULL, NULL, NULL, 'teste@teste.com', NULL, '11979464468', NULL, NULL, NULL, NULL, NULL, NULL, NULL, 'teste@teste.com', '7c4a8d09ca3762af61e59520943dc26494f8941b', 1, 1, 3, NULL, '2018-08-27 14:09:07', NULL, '314bfc35df9106710949fd096dbd1a0d6dc2e86d15'),
(16, 'TEste', NULL, NULL, NULL, 'teste2@teste2.com', NULL, '11145646646', NULL, NULL, NULL, NULL, NULL, NULL, NULL, 'teste2@teste2.com', '7c4a8d09ca3762af61e59520943dc26494f8941b', 1, 1, 3, NULL, '2018-08-27 14:11:17', NULL, '390ab15bcd996ad6aba32ee945a0912d9a1d621c16'),
(17, 'Developer', 28, '666', '12345678909', 'developer@ios.com', NULL, '11974354684', '01410010', 'Travessa das Constelações', 'Cerqueira César', 'São Paulo', 25, '9', NULL, 'developer@ios.com', '0961bc2e3399b8f066e3761c5c99849afd07259e', 1, 1, 3, NULL, '2018-08-27 16:49:29', NULL, 'd0365990026511d121b2dbd63a2147abed32e9ca17'),
(18, 'John alves', NULL, NULL, NULL, 'jonny255d@gmail.com', NULL, '11989998999', NULL, NULL, NULL, NULL, NULL, NULL, NULL, 'jonny255d@gmail.com', '7c4a8d09ca3762af61e59520943dc26494f8941b', 1, 0, 3, NULL, '2018-08-27 21:32:48', NULL, NULL),
(19, 'wilson', 28, '666', '41091785848', 'wilson2018@gmail.com', NULL, '11947482530', '03147100', 'Rua Paramu', 'Vila Bela', 'São Paulo', 25, '693', NULL, 'wilson2018@gmail.com', 'b2579b06861d50f3ea19702e8de22887d58d562f', 1, 1, 3, NULL, '2018-09-28 16:32:15', NULL, '03124e7513fad1f04a1ea0b7314595bb530eb29419'),
(20, 'Jonatas Alves', NULL, NULL, NULL, 'jonny255b@gmail.com', NULL, '11987161949', NULL, NULL, NULL, NULL, NULL, NULL, NULL, 'jonny255b@gmail.com', 'da39a3ee5e6b4b0d3255bfef95601890afd80709', 1, 1, 3, NULL, '2018-09-28 19:23:21', '2031789567132800', '5e6a0ab0e9cf4ae04bfa28fa3195976bba63e04020'),
(21, 'Caroline barbosa', NULL, NULL, NULL, 'caroline.santos113@hotmail.com', NULL, '11952948823', NULL, NULL, NULL, NULL, NULL, NULL, NULL, 'caroline.santos113@hotmail.com', '439b8635fa49d65dac0b8a2b07c4561724d52d7b', 1, 1, 3, NULL, '2018-10-02 13:12:12', NULL, 'a6b156aaf2ba8799a8d759423bf9ce100e22027b21');

-- --------------------------------------------------------

--
-- Estrutura da tabela `status_leilao`
--

CREATE TABLE `status_leilao` (
  `id_status_leilao` int(11) NOT NULL,
  `status` varchar(45) NOT NULL
) ENGINE=InnoDB DEFAULT CHARSET=utf8;

--
-- Extraindo dados da tabela `status_leilao`
--

INSERT INTO `status_leilao` (`id_status_leilao`, `status`) VALUES
(1, 'Pendente'),
(2, 'Aprovado'),
(3, 'Reprovado'),
(4, 'Finalizado');

-- --------------------------------------------------------

--
-- Stand-in structure for view `view_completar_perfil`
--
CREATE TABLE `view_completar_perfil` (
`id_usuario` int(11)
,`bloquear` int(1)
);

-- --------------------------------------------------------

--
-- Stand-in structure for view `view_ingresso`
--
CREATE TABLE `view_ingresso` (
`id_ingresso` int(11)
,`fk_usuario` int(11)
,`quantidade` int(11)
,`ativo` tinyint(4)
,`prioridade` int(11)
,`id_compra_ingresso` int(11)
,`descricao` varchar(60)
,`data_compra` timestamp
,`valor` double(19,2)
,`code_pagamento` text
,`id_pacote_ingresso` int(11)
,`descricao_pacote` varchar(45)
,`quantidade_ingresso` int(11)
,`valor_pacote` double(19,2)
,`gratis` tinyint(4)
);

-- --------------------------------------------------------

--
-- Stand-in structure for view `view_leilao`
--
CREATE TABLE `view_leilao` (
`id_leilao` int(11)
,`valor_minimo` double
,`lance_minimo` double
,`ingressos` int(11)
,`data_inicio` timestamp
,`data_fim_previsto` timestamp
,`status_leilao` int(11)
,`status` varchar(45)
,`id_produto` int(11)
,`fk_categoria` int(11)
,`fk_usuario` int(11)
,`nome_produto` varchar(255)
,`descricao_produto` text
,`produto_usado` tinyint(1)
,`nome_usuario` varchar(100)
,`fk_usuario_arrematou` int(11)
,`nome_usuario_arrematou` varchar(100)
,`nome_usuario_leiloando` varchar(100)
,`avaliacao` decimal(13,2)
,`lance_formatado` varchar(62)
,`nome_categoria` varchar(255)
);

-- --------------------------------------------------------

--
-- Stand-in structure for view `view_lista_grupos`
--
CREATE TABLE `view_lista_grupos` (
`id` int(11)
,`nome_grupo` varchar(100)
,`descricao_grupo` text
,`usuario` int(11)
,`nome_usuario` varchar(100)
,`ativo_grupo` tinyint(1)
,`ativo` varchar(7)
,`criacao_grupo` timestamp
,`criacao_grupo_formatado` varchar(28)
,`usuarios_ativos` bigint(21)
);

-- --------------------------------------------------------

--
-- Stand-in structure for view `view_lista_usuarios`
--
CREATE TABLE `view_lista_usuarios` (
`id` int(11)
,`nome_usuario` varchar(100)
,`email_usuario` varchar(40)
,`telefone_usuario` varchar(11)
,`login_usuario` varchar(255)
,`ativo_usuario` tinyint(1)
,`ativo` varchar(7)
,`fk_grupo_usuario` int(11)
,`nome_grupo` varchar(100)
,`usuario` int(11)
,`usuario_criou` varchar(100)
,`criacao_usuario` timestamp
,`criacao_usuario_formatado` varchar(28)
);

-- --------------------------------------------------------

--
-- Stand-in structure for view `view_notificar_leiloes`
--
CREATE TABLE `view_notificar_leiloes` (
`tipo` bigint(20)
,`id` int(11)
,`titulo` varchar(270)
,`descricao` varchar(297)
,`token_usuario` varchar(300)
,`inicio` bigint(21)
,`fim` bigint(21)
,`notificado` bigint(20)
);

-- --------------------------------------------------------

--
-- Stand-in structure for view `view_relatorio_acessos`
--
CREATE TABLE `view_relatorio_acessos` (
`id` int(11)
,`id_usuario` int(11)
,`usuario` varchar(100)
,`data_acesso` timestamp
,`data_acesso_formatado` varchar(28)
,`ip` varchar(16)
,`maquina` text
,`acesso` tinyint(1)
,`acessou` varchar(6)
);

-- --------------------------------------------------------

--
-- Stand-in structure for view `view_relatorio_edicoes`
--
CREATE TABLE `view_relatorio_edicoes` (
`id` int(11)
,`fk_usuario` int(11)
,`nome_usuario` varchar(100)
,`data_log` timestamp
,`data_log_formatado` varchar(28)
,`original_edicao` text
,`novo_edicao` text
,`fk_aplicacao` int(11)
,`descricao_aplicacao` text
,`id_edicao` int(11)
,`campo` text
);

-- --------------------------------------------------------

--
-- Stand-in structure for view `view_relatorio_navegacao`
--
CREATE TABLE `view_relatorio_navegacao` (
`id` int(11)
,`fk_usuario` int(11)
,`nome_usuario` varchar(100)
,`data_log` timestamp
,`data_log_formatado` varchar(28)
,`permissao` tinyint(1)
,`com_permissao` varchar(3)
,`fk_aplicacao` int(11)
,`descricao_aplicacao` text
,`parametros` text
);

-- --------------------------------------------------------

--
-- Stand-in structure for view `view_usuario_leilao`
--
CREATE TABLE `view_usuario_leilao` (
`id_sala_leilao` int(11)
,`id_usuario` int(11)
,`nome_usuario` varchar(100)
,`id_leilao` int(11)
,`valor_minimo` double
,`valor_atual` double(19,2)
,`lance_minimo` double
,`data_inicio` timestamp
,`data_fim_previsto` timestamp
,`token_acesso` varchar(255)
,`inicio` bigint(21)
,`quantidade_minima_usuarios` int(11)
,`tempo_iniciar` int(11)
,`fim` bigint(21)
);

-- --------------------------------------------------------

--
-- Structure for view `view_completar_perfil`
--
DROP TABLE IF EXISTS `view_completar_perfil`;

CREATE ALGORITHM=UNDEFINED DEFINER=`root`@`localhost` SQL SECURITY DEFINER VIEW `view_completar_perfil`  AS  select `seg_usuarios`.`id_usuario` AS `id_usuario`,(((`seg_usuarios`.`nome_usuario` = '') or isnull(`seg_usuarios`.`nome_usuario`) or (`seg_usuarios`.`sexo_usuario` = '') or isnull(`seg_usuarios`.`sexo_usuario`) or (`seg_usuarios`.`rg_usuario` = '') or isnull(`seg_usuarios`.`rg_usuario`) or (`seg_usuarios`.`cpf_usuario` = '') or isnull(`seg_usuarios`.`cpf_usuario`) or (`seg_usuarios`.`email_usuario` = '') or isnull(`seg_usuarios`.`email_usuario`) or (`seg_usuarios`.`celular_usuario` = '') or isnull(`seg_usuarios`.`celular_usuario`) or (`seg_usuarios`.`cep_usuario` = '') or isnull(`seg_usuarios`.`cep_usuario`) or (`seg_usuarios`.`logradouro_usuario` = '') or isnull(`seg_usuarios`.`logradouro_usuario`) or (`seg_usuarios`.`bairro_usuario` = '') or isnull(`seg_usuarios`.`bairro_usuario`) or (`seg_usuarios`.`cidade_usuario` = '') or isnull(`seg_usuarios`.`cidade_usuario`) or (`seg_usuarios`.`estado_usuario` = '') or isnull(`seg_usuarios`.`estado_usuario`) or (`seg_usuarios`.`numero_usuario` = '') or isnull(`seg_usuarios`.`numero_usuario`)) and (select (count(0) > 0) from `cad_leilao` where (`cad_leilao`.`fk_usuario_arrematou` = `seg_usuarios`.`id_usuario`))) AS `bloquear` from `seg_usuarios` ;

-- --------------------------------------------------------

--
-- Structure for view `view_ingresso`
--
DROP TABLE IF EXISTS `view_ingresso`;

CREATE ALGORITHM=UNDEFINED DEFINER=`root`@`localhost` SQL SECURITY DEFINER VIEW `view_ingresso`  AS  select `cdi`.`id_ingresso` AS `id_ingresso`,`cdi`.`fk_usuario` AS `fk_usuario`,`cdi`.`quantidade` AS `quantidade`,`cdi`.`ativo` AS `ativo`,`cdi`.`prioridade` AS `prioridade`,`cmi`.`id_compra_ingresso` AS `id_compra_ingresso`,`cmi`.`descricao` AS `descricao`,`cmi`.`data_compra` AS `data_compra`,round(`cmi`.`valor`,2) AS `valor`,`cmi`.`code_pagamento` AS `code_pagamento`,`pci`.`id_pacote_ingresso` AS `id_pacote_ingresso`,`pci`.`descricao_pacote` AS `descricao_pacote`,`pci`.`quantidade_ingresso` AS `quantidade_ingresso`,round(`pci`.`valor_pacote`,2) AS `valor_pacote`,`pci`.`gratis` AS `gratis` from ((`cad_ingressos` `cdi` join `compra_ingresso` `cmi` on((`cdi`.`id_ingresso` = `cmi`.`fk_ingresso`))) join `pacote_ingresso` `pci` on((`cmi`.`fk_pacote` = `pci`.`id_pacote_ingresso`))) ;

-- --------------------------------------------------------

--
-- Structure for view `view_leilao`
--
DROP TABLE IF EXISTS `view_leilao`;

CREATE ALGORITHM=UNDEFINED DEFINER=`root`@`localhost` SQL SECURITY DEFINER VIEW `view_leilao`  AS  select `cl`.`id_leilao` AS `id_leilao`,`cl`.`valor_minimo` AS `valor_minimo`,`cl`.`lance_minimo` AS `lance_minimo`,`cl`.`ingressos` AS `ingressos`,`cl`.`data_inicio` AS `data_inicio`,`cl`.`data_fim_previsto` AS `data_fim_previsto`,`cl`.`status_leilao` AS `status_leilao`,`sl`.`status` AS `status`,`cp`.`id_produto` AS `id_produto`,`cp`.`fk_categoria` AS `fk_categoria`,`cp`.`fk_usuario` AS `fk_usuario`,`cp`.`nome_produto` AS `nome_produto`,`cp`.`descricao_produto` AS `descricao_produto`,`cp`.`produto_usado` AS `produto_usado`,`ss`.`nome_usuario` AS `nome_usuario`,`cl`.`fk_usuario_arrematou` AS `fk_usuario_arrematou`,ifnull((select `ss_`.`nome_usuario` from `seg_usuarios` `ss_` where (`ss_`.`id_usuario` = `cl`.`fk_usuario_arrematou`)),'-') AS `nome_usuario_arrematou`,(select `ss_`.`nome_usuario` from `seg_usuarios` `ss_` where (`ss_`.`id_usuario` = `cp`.`fk_usuario`)) AS `nome_usuario_leiloando`,round((select avg(`ca`.`avaliacao`) AS `avaliacao` from `cad_avaliacoes` `ca` where (`ca`.`fk_leiloeiro` = `cp`.`fk_usuario`)),2) AS `avaliacao`,(select format(`cad_lances`.`valor`,2,'de_DE') from (`cad_lances` join `sala_leilao` on((`cad_lances`.`fk_sala_leilao` = `sala_leilao`.`id_sala_leilao`))) where (`sala_leilao`.`fk_leilao` = `cl`.`id_leilao`) order by `cad_lances`.`valor` desc limit 1) AS `lance_formatado`,`cc`.`nome_categoria` AS `nome_categoria` from ((((`cad_leilao` `cl` join `cad_produtos` `cp` on((`cl`.`fk_produto` = `cp`.`id_produto`))) join `seg_usuarios` `ss` on((`ss`.`id_usuario` = `cp`.`fk_usuario`))) join `status_leilao` `sl` on((`sl`.`id_status_leilao` = `cl`.`status_leilao`))) join `cad_categorias` `cc` on((`cc`.`id_categoria` = `cp`.`fk_categoria`))) group by `cl`.`id_leilao` ;

-- --------------------------------------------------------

--
-- Structure for view `view_lista_grupos`
--
DROP TABLE IF EXISTS `view_lista_grupos`;

CREATE ALGORITHM=UNDEFINED DEFINER=`root`@`localhost` SQL SECURITY DEFINER VIEW `view_lista_grupos`  AS  select `seg_grupos`.`id_grupo` AS `id`,`seg_grupos`.`nome_grupo` AS `nome_grupo`,`seg_grupos`.`descricao_grupo` AS `descricao_grupo`,`seg_grupos`.`usuario_criou_grupo` AS `usuario`,`seg_usuarios`.`nome_usuario` AS `nome_usuario`,`seg_grupos`.`ativo_grupo` AS `ativo_grupo`,(case `seg_grupos`.`ativo_grupo` when 1 then 'Ativo' when 0 then 'Inativo' end) AS `ativo`,`seg_grupos`.`criacao_grupo` AS `criacao_grupo`,date_format(`seg_grupos`.`criacao_grupo`,'%d/%m/%Y às %H:%i:%s') AS `criacao_grupo_formatado`,(select count(0) from `seg_usuarios` where ((`seg_usuarios`.`fk_grupo_usuario` = `seg_grupos`.`id_grupo`) and (`seg_usuarios`.`ativo_usuario` = TRUE))) AS `usuarios_ativos` from (`seg_grupos` left join `seg_usuarios` on((`seg_usuarios`.`id_usuario` = `seg_grupos`.`usuario_criou_grupo`))) ;

-- --------------------------------------------------------

--
-- Structure for view `view_lista_usuarios`
--
DROP TABLE IF EXISTS `view_lista_usuarios`;

CREATE ALGORITHM=UNDEFINED DEFINER=`root`@`localhost` SQL SECURITY DEFINER VIEW `view_lista_usuarios`  AS  select `su1`.`id_usuario` AS `id`,`su1`.`nome_usuario` AS `nome_usuario`,`su1`.`email_usuario` AS `email_usuario`,`su1`.`telefone_usuario` AS `telefone_usuario`,`su1`.`login_usuario` AS `login_usuario`,`su1`.`ativo_usuario` AS `ativo_usuario`,(case `su1`.`ativo_usuario` when 1 then 'Ativo' when 0 then 'Inativo' end) AS `ativo`,`su1`.`fk_grupo_usuario` AS `fk_grupo_usuario`,`seg_grupos`.`nome_grupo` AS `nome_grupo`,`su1`.`usuario_criou_usuario` AS `usuario`,(select `su0`.`nome_usuario` from `seg_usuarios` `su0` where (`su0`.`id_usuario` = `su1`.`usuario_criou_usuario`)) AS `usuario_criou`,`su1`.`criacao_usuario` AS `criacao_usuario`,date_format(`su1`.`criacao_usuario`,'%d/%m/%Y às %H:%i:%s') AS `criacao_usuario_formatado` from (`seg_usuarios` `su1` join `seg_grupos` on((`seg_grupos`.`id_grupo` = `su1`.`fk_grupo_usuario`))) ;

-- --------------------------------------------------------

--
-- Structure for view `view_notificar_leiloes`
--
DROP TABLE IF EXISTS `view_notificar_leiloes`;

CREATE ALGORITHM=UNDEFINED DEFINER=`root`@`localhost` SQL SECURITY DEFINER VIEW `view_notificar_leiloes`  AS  select 1 AS `tipo`,`cl`.`id_leilao` AS `id`,concat('Não perca o(a) ',`cp`.`nome_produto`) AS `titulo`,concat('O leilão do produto: \'',`cp`.`nome_produto`,'\' já vai começar!') AS `descricao`,`ct`.`token` AS `token_usuario`,timestampdiff(SECOND,now(),`cl`.`data_inicio`) AS `inicio`,timestampdiff(SECOND,now(),`cl`.`data_fim_previsto`) AS `fim`,ifnull(`cl`.`notificado`,0) AS `notificado` from (((`sala_leilao` `sl` join `cad_leilao` `cl` on((`cl`.`id_leilao` = `sl`.`fk_leilao`))) join `cad_tokens` `ct` on((`ct`.`fk_usuario` = `sl`.`fk_usuario`))) join `cad_produtos` `cp` on((`cp`.`id_produto` = `cl`.`fk_produto`))) where ((`cl`.`notificado` = 0) and (timestampdiff(SECOND,now(),`cl`.`data_inicio`) <= 200)) union select 2 AS `tipo`,`cl`.`id_leilao` AS `id`,concat(`cp`.`nome_produto`,' Finalizando') AS `titulo`,concat('Ainda dá tempo de arrematar o(a): ',`cp`.`nome_produto`) AS `descricao`,`ct`.`token` AS `token_usuario`,timestampdiff(SECOND,now(),`cl`.`data_inicio`) AS `inicio`,timestampdiff(SECOND,now(),`cl`.`data_fim_previsto`) AS `fim`,ifnull(`cl`.`notificado`,0) AS `notificado` from (((`sala_leilao` `sl` join `cad_leilao` `cl` on((`cl`.`id_leilao` = `sl`.`fk_leilao`))) join `cad_tokens` `ct` on((`ct`.`fk_usuario` = `sl`.`fk_usuario`))) join `cad_produtos` `cp` on((`cp`.`id_produto` = `cl`.`fk_produto`))) where ((`cl`.`notificado` = 1) and (timestampdiff(SECOND,now(),`cl`.`data_fim_previsto`) <= (`cl`.`tempo_iniciar` * 60))) union select 3 AS `tipo`,`cl`.`id_leilao` AS `id`,concat(`cp`.`nome_produto`,' Finalizado') AS `titulo`,concat('Leilão \'',`cp`.`nome_produto`,'\' Finalizado') AS `descricao`,`ct`.`token` AS `token_usuario`,timestampdiff(SECOND,now(),`cl`.`data_inicio`) AS `inicio`,timestampdiff(SECOND,now(),`cl`.`data_fim_previsto`) AS `fim`,ifnull(`cl`.`notificado`,0) AS `notificado` from (((`sala_leilao` `sl` join `cad_leilao` `cl` on((`cl`.`id_leilao` = `sl`.`fk_leilao`))) join `cad_tokens` `ct` on((`ct`.`fk_usuario` = `sl`.`fk_usuario`))) join `cad_produtos` `cp` on((`cp`.`id_produto` = `cl`.`fk_produto`))) where ((`cl`.`notificado` = 2) and (timestampdiff(SECOND,now(),`cl`.`data_fim_previsto`) <= 0)) union select 4 AS `tipo`,`cl`.`id_leilao` AS `id`,concat(`cp`.`nome_produto`,' Finalizado') AS `titulo`,concat('O seu leilão do produto: \'',`cp`.`nome_produto`,'\' foi finalizado') AS `descricao`,`ct`.`token` AS `token_usuario`,timestampdiff(SECOND,now(),`cl`.`data_inicio`) AS `inicio`,timestampdiff(SECOND,now(),`cl`.`data_fim_previsto`) AS `fim`,ifnull(`cl`.`notificado`,0) AS `notificado` from ((`cad_leilao` `cl` join `cad_produtos` `cp` on((`cp`.`id_produto` = `cl`.`fk_produto`))) join `cad_tokens` `ct` on((`ct`.`fk_usuario` = `cp`.`fk_usuario`))) where ((`cl`.`notificado` = 2) and (timestampdiff(SECOND,now(),`cl`.`data_fim_previsto`) <= 0)) order by `tipo`,`id` ;

-- --------------------------------------------------------

--
-- Structure for view `view_relatorio_acessos`
--
DROP TABLE IF EXISTS `view_relatorio_acessos`;

CREATE ALGORITHM=UNDEFINED DEFINER=`root`@`localhost` SQL SECURITY DEFINER VIEW `view_relatorio_acessos`  AS  select `seg_log_acesso`.`id_log_acesso` AS `id`,`seg_usuarios`.`id_usuario` AS `id_usuario`,`seg_usuarios`.`nome_usuario` AS `usuario`,`seg_log_acesso`.`data_log_acesso` AS `data_acesso`,date_format(`seg_log_acesso`.`data_log_acesso`,'%d/%m/%Y às %H:%i:%s') AS `data_acesso_formatado`,`seg_log_acesso`.`ip_usuario_acesso` AS `ip`,`seg_log_acesso`.`maquina_usuario_acesso` AS `maquina`,`seg_log_acesso`.`acesso` AS `acesso`,(case `seg_log_acesso`.`acesso` when 1 then 'Entrou' when 0 then 'Saiu' end) AS `acessou` from (`seg_log_acesso` join `seg_usuarios` on((`seg_usuarios`.`id_usuario` = `seg_log_acesso`.`fk_usuario`))) ;

-- --------------------------------------------------------

--
-- Structure for view `view_relatorio_edicoes`
--
DROP TABLE IF EXISTS `view_relatorio_edicoes`;

CREATE ALGORITHM=UNDEFINED DEFINER=`root`@`localhost` SQL SECURITY DEFINER VIEW `view_relatorio_edicoes`  AS  select `seg_log_edicao`.`id_log_edicao` AS `id`,`seg_log_edicao`.`fk_usuario` AS `fk_usuario`,`seg_usuarios`.`nome_usuario` AS `nome_usuario`,`seg_log_edicao`.`data_log_edicao` AS `data_log`,date_format(`seg_log_edicao`.`data_log_edicao`,'%d/%m/%Y às %H:%i:%s') AS `data_log_formatado`,`seg_log_edicao`.`original_edicao` AS `original_edicao`,`seg_log_edicao`.`novo_edicao` AS `novo_edicao`,`seg_log_edicao`.`fk_aplicacao` AS `fk_aplicacao`,`seg_aplicacao`.`descricao_aplicacao` AS `descricao_aplicacao`,`seg_log_edicao`.`id_edicao` AS `id_edicao`,(select `information_schema`.`COLUMNS`.`COLUMN_COMMENT` AS `comentario` from `INFORMATION_SCHEMA`.`COLUMNS` where ((`information_schema`.`COLUMNS`.`TABLE_SCHEMA` = 'db_leilao') and (`information_schema`.`COLUMNS`.`TABLE_NAME` = `seg_log_edicao`.`tabela_edicao`) and (`information_schema`.`COLUMNS`.`COLUMN_NAME` = `seg_log_edicao`.`campo_edicao`))) AS `campo` from ((`seg_log_edicao` join `seg_usuarios` on((`seg_log_edicao`.`fk_usuario` = `seg_usuarios`.`id_usuario`))) join `seg_aplicacao` on((`seg_aplicacao`.`id_aplicacao` = `seg_log_edicao`.`fk_aplicacao`))) ;

-- --------------------------------------------------------

--
-- Structure for view `view_relatorio_navegacao`
--
DROP TABLE IF EXISTS `view_relatorio_navegacao`;

CREATE ALGORITHM=UNDEFINED DEFINER=`root`@`localhost` SQL SECURITY DEFINER VIEW `view_relatorio_navegacao`  AS  select `seg_log_navegacao`.`id_log_navegacao` AS `id`,`seg_log_navegacao`.`fk_usuario` AS `fk_usuario`,`seg_usuarios`.`nome_usuario` AS `nome_usuario`,`seg_log_navegacao`.`data_log_navegacao` AS `data_log`,date_format(`seg_log_navegacao`.`data_log_navegacao`,'%d/%m/%Y às %H:%i:%s') AS `data_log_formatado`,`seg_log_navegacao`.`permissao` AS `permissao`,(case `seg_log_navegacao`.`permissao` when 1 then 'Sim' when 0 then 'Não' end) AS `com_permissao`,`seg_log_navegacao`.`fk_aplicacao` AS `fk_aplicacao`,`seg_aplicacao`.`descricao_aplicacao` AS `descricao_aplicacao`,`seg_log_navegacao`.`parametros` AS `parametros` from ((`seg_log_navegacao` join `seg_usuarios` on((`seg_log_navegacao`.`fk_usuario` = `seg_usuarios`.`id_usuario`))) join `seg_aplicacao` on((`seg_aplicacao`.`id_aplicacao` = `seg_log_navegacao`.`fk_aplicacao`))) ;

-- --------------------------------------------------------

--
-- Structure for view `view_usuario_leilao`
--
DROP TABLE IF EXISTS `view_usuario_leilao`;

CREATE ALGORITHM=UNDEFINED DEFINER=`root`@`localhost` SQL SECURITY DEFINER VIEW `view_usuario_leilao`  AS  select `sala_leilao`.`id_sala_leilao` AS `id_sala_leilao`,`seg_usuarios`.`id_usuario` AS `id_usuario`,`seg_usuarios`.`nome_usuario` AS `nome_usuario`,`cad_leilao`.`id_leilao` AS `id_leilao`,`cad_leilao`.`valor_minimo` AS `valor_minimo`,round(ifnull((select max(`cad_lances`.`valor`) AS `valor` from (`cad_lances` join `sala_leilao` on((`cad_lances`.`fk_sala_leilao` = `sala_leilao`.`id_sala_leilao`))) where (`sala_leilao`.`fk_leilao` = `cad_leilao`.`id_leilao`) limit 1),`cad_leilao`.`valor_minimo`),2) AS `valor_atual`,`cad_leilao`.`lance_minimo` AS `lance_minimo`,`cad_leilao`.`data_inicio` AS `data_inicio`,`cad_leilao`.`data_fim_previsto` AS `data_fim_previsto`,`seg_usuarios`.`token_acesso` AS `token_acesso`,timestampdiff(SECOND,now(),`cad_leilao`.`data_inicio`) AS `inicio`,`cad_leilao`.`quantidade_minima_usuarios` AS `quantidade_minima_usuarios`,`cad_leilao`.`tempo_iniciar` AS `tempo_iniciar`,if((timestampdiff(SECOND,now(),`cad_leilao`.`data_fim_previsto`) < 0),0,timestampdiff(SECOND,now(),`cad_leilao`.`data_fim_previsto`)) AS `fim` from ((`cad_leilao` join `sala_leilao` on((`sala_leilao`.`fk_leilao` = `cad_leilao`.`id_leilao`))) join `seg_usuarios` on((`seg_usuarios`.`id_usuario` = `sala_leilao`.`fk_usuario`))) ;

--
-- Indexes for dumped tables
--

--
-- Indexes for table `cad_avaliacoes`
--
ALTER TABLE `cad_avaliacoes`
  ADD PRIMARY KEY (`id_avalicao`),
  ADD UNIQUE KEY `fk_leilao` (`fk_leilao`),
  ADD KEY `fk_leiloeiro` (`fk_leiloeiro`),
  ADD KEY `fk_cliente` (`fk_cliente`);

--
-- Indexes for table `cad_categorias`
--
ALTER TABLE `cad_categorias`
  ADD PRIMARY KEY (`id_categoria`),
  ADD KEY `fk_categoria_pai` (`fk_categoria_pai`);

--
-- Indexes for table `cad_compra_pacotes`
--
ALTER TABLE `cad_compra_pacotes`
  ADD PRIMARY KEY (`id`),
  ADD KEY `fk_usuario` (`fk_usuario`),
  ADD KEY `fk_pacote` (`fk_pacote`);

--
-- Indexes for table `cad_compra_recompensa`
--
ALTER TABLE `cad_compra_recompensa`
  ADD PRIMARY KEY (`id_compra_recompensa`),
  ADD KEY `fk_produto` (`fk_produto`),
  ADD KEY `fk_usuario` (`fk_usuario`);

--
-- Indexes for table `cad_creditos`
--
ALTER TABLE `cad_creditos`
  ADD PRIMARY KEY (`id_creditos`),
  ADD KEY `fk_usuario` (`fk_usuario`);

--
-- Indexes for table `cad_detalhes_views`
--
ALTER TABLE `cad_detalhes_views`
  ADD PRIMARY KEY (`id_detalhes_views`);

--
-- Indexes for table `cad_favoritos`
--
ALTER TABLE `cad_favoritos`
  ADD PRIMARY KEY (`fk_leilao`,`fk_usuario`),
  ADD KEY `fk_usuario` (`fk_usuario`);

--
-- Indexes for table `cad_grupos`
--
ALTER TABLE `cad_grupos`
  ADD PRIMARY KEY (`id_grupo`);

--
-- Indexes for table `cad_hist_notificacao`
--
ALTER TABLE `cad_hist_notificacao`
  ADD PRIMARY KEY (`id_hist_notificacao`),
  ADD KEY `fk_notificacao` (`fk_notificacao`),
  ADD KEY `fk_usuario_destino` (`fk_usuario_destino`);

--
-- Indexes for table `cad_ingressos`
--
ALTER TABLE `cad_ingressos`
  ADD PRIMARY KEY (`id_ingresso`),
  ADD KEY `fk_usuario` (`fk_usuario`);

--
-- Indexes for table `cad_item_grupo`
--
ALTER TABLE `cad_item_grupo`
  ADD PRIMARY KEY (`id_item_grupo`),
  ADD KEY `fk_grupo` (`fk_grupo`);

--
-- Indexes for table `cad_lances`
--
ALTER TABLE `cad_lances`
  ADD PRIMARY KEY (`id_lances`),
  ADD KEY `fk_sala_leilao` (`fk_sala_leilao`);

--
-- Indexes for table `cad_leilao`
--
ALTER TABLE `cad_leilao`
  ADD PRIMARY KEY (`id_leilao`),
  ADD KEY `fk_produto` (`fk_produto`),
  ADD KEY `status_leilao` (`status_leilao`),
  ADD KEY `fk_usuario_arrematou` (`fk_usuario_arrematou`);

--
-- Indexes for table `cad_notificacao`
--
ALTER TABLE `cad_notificacao`
  ADD PRIMARY KEY (`id_notificacao`),
  ADD KEY `fk_usuario` (`fk_usuario`);

--
-- Indexes for table `cad_produtos`
--
ALTER TABLE `cad_produtos`
  ADD PRIMARY KEY (`id_produto`),
  ADD KEY `fk_categoria` (`fk_categoria`),
  ADD KEY `fk_usuario` (`fk_usuario`);

--
-- Indexes for table `cad_tokens`
--
ALTER TABLE `cad_tokens`
  ADD PRIMARY KEY (`id_token`),
  ADD KEY `fk_usuario` (`fk_usuario`);

--
-- Indexes for table `compra_ingresso`
--
ALTER TABLE `compra_ingresso`
  ADD PRIMARY KEY (`id_compra_ingresso`),
  ADD KEY `fk_ingresso` (`fk_ingresso`),
  ADD KEY `fk_pacote` (`fk_pacote`);

--
-- Indexes for table `hist_compra_pacotes`
--
ALTER TABLE `hist_compra_pacotes`
  ADD PRIMARY KEY (`id_hist_compra_pacotes`),
  ADD KEY `fk_compra_pacotes` (`fk_compra_pacotes`);

--
-- Indexes for table `pacote_ingresso`
--
ALTER TABLE `pacote_ingresso`
  ADD PRIMARY KEY (`id_pacote_ingresso`);

--
-- Indexes for table `sala_leilao`
--
ALTER TABLE `sala_leilao`
  ADD PRIMARY KEY (`id_sala_leilao`),
  ADD UNIQUE KEY `fk_leilao` (`fk_leilao`,`fk_usuario`),
  ADD KEY `fk_usuario` (`fk_usuario`);

--
-- Indexes for table `seg_aplicacao`
--
ALTER TABLE `seg_aplicacao`
  ADD PRIMARY KEY (`id_aplicacao`),
  ADD KEY `fk_controller` (`fk_controller`);

--
-- Indexes for table `seg_aplicacoes_grupos`
--
ALTER TABLE `seg_aplicacoes_grupos`
  ADD PRIMARY KEY (`id_aplicacoes_grupos`),
  ADD KEY `fk_aplicacao` (`fk_aplicacao`),
  ADD KEY `fk_grupo` (`fk_grupo`);

--
-- Indexes for table `seg_aplicacoes_menu`
--
ALTER TABLE `seg_aplicacoes_menu`
  ADD PRIMARY KEY (`id_aplicacoes_menu`),
  ADD KEY `fk_aplicacao` (`fk_aplicacao`),
  ADD KEY `fk_menu` (`fk_menu`);

--
-- Indexes for table `seg_controllers`
--
ALTER TABLE `seg_controllers`
  ADD PRIMARY KEY (`id_controller`),
  ADD KEY `fk_model` (`fk_model`);

--
-- Indexes for table `seg_grupos`
--
ALTER TABLE `seg_grupos`
  ADD PRIMARY KEY (`id_grupo`),
  ADD UNIQUE KEY `unique_nome_grupo` (`nome_grupo`),
  ADD KEY `usuario_criou_grupo` (`usuario_criou_grupo`);

--
-- Indexes for table `seg_log_acesso`
--
ALTER TABLE `seg_log_acesso`
  ADD PRIMARY KEY (`id_log_acesso`),
  ADD KEY `fk_usuario` (`fk_usuario`);

--
-- Indexes for table `seg_log_edicao`
--
ALTER TABLE `seg_log_edicao`
  ADD PRIMARY KEY (`id_log_edicao`),
  ADD KEY `fk_usuario` (`fk_usuario`),
  ADD KEY `fk_aplicacao` (`fk_aplicacao`);

--
-- Indexes for table `seg_log_erro`
--
ALTER TABLE `seg_log_erro`
  ADD PRIMARY KEY (`id_log_erro`),
  ADD KEY `fk_usuario` (`fk_usuario`);

--
-- Indexes for table `seg_log_navegacao`
--
ALTER TABLE `seg_log_navegacao`
  ADD PRIMARY KEY (`id_log_navegacao`),
  ADD KEY `fk_usuario` (`fk_usuario`),
  ADD KEY `fk_aplicacao` (`fk_aplicacao`);

--
-- Indexes for table `seg_menu`
--
ALTER TABLE `seg_menu`
  ADD PRIMARY KEY (`id_menu`),
  ADD KEY `menu_acima` (`menu_acima`);

--
-- Indexes for table `seg_models`
--
ALTER TABLE `seg_models`
  ADD PRIMARY KEY (`id_model`);

--
-- Indexes for table `seg_usuarios`
--
ALTER TABLE `seg_usuarios`
  ADD PRIMARY KEY (`id_usuario`),
  ADD UNIQUE KEY `celular_usuario` (`celular_usuario`),
  ADD UNIQUE KEY `email_usuario` (`email_usuario`),
  ADD UNIQUE KEY `login_usuario` (`login_usuario`),
  ADD UNIQUE KEY `cpf_usuario` (`cpf_usuario`),
  ADD UNIQUE KEY `token_acesso` (`token_acesso`),
  ADD KEY `usuario_criou_usuario` (`usuario_criou_usuario`),
  ADD KEY `estado_usuario` (`estado_usuario`),
  ADD KEY `fk_grupo_usuario` (`fk_grupo_usuario`);

--
-- Indexes for table `status_leilao`
--
ALTER TABLE `status_leilao`
  ADD PRIMARY KEY (`id_status_leilao`);

--
-- AUTO_INCREMENT for dumped tables
--

--
-- AUTO_INCREMENT for table `cad_avaliacoes`
--
ALTER TABLE `cad_avaliacoes`
  MODIFY `id_avalicao` int(11) NOT NULL AUTO_INCREMENT, AUTO_INCREMENT=10;
--
-- AUTO_INCREMENT for table `cad_categorias`
--
ALTER TABLE `cad_categorias`
  MODIFY `id_categoria` int(11) NOT NULL AUTO_INCREMENT, AUTO_INCREMENT=13;
--
-- AUTO_INCREMENT for table `cad_compra_pacotes`
--
ALTER TABLE `cad_compra_pacotes`
  MODIFY `id` int(11) NOT NULL AUTO_INCREMENT;
--
-- AUTO_INCREMENT for table `cad_compra_recompensa`
--
ALTER TABLE `cad_compra_recompensa`
  MODIFY `id_compra_recompensa` int(11) NOT NULL AUTO_INCREMENT;
--
-- AUTO_INCREMENT for table `cad_creditos`
--
ALTER TABLE `cad_creditos`
  MODIFY `id_creditos` int(11) NOT NULL AUTO_INCREMENT, AUTO_INCREMENT=22;
--
-- AUTO_INCREMENT for table `cad_detalhes_views`
--
ALTER TABLE `cad_detalhes_views`
  MODIFY `id_detalhes_views` int(11) NOT NULL AUTO_INCREMENT, AUTO_INCREMENT=54;
--
-- AUTO_INCREMENT for table `cad_grupos`
--
ALTER TABLE `cad_grupos`
  MODIFY `id_grupo` int(11) NOT NULL AUTO_INCREMENT, AUTO_INCREMENT=3;
--
-- AUTO_INCREMENT for table `cad_hist_notificacao`
--
ALTER TABLE `cad_hist_notificacao`
  MODIFY `id_hist_notificacao` int(11) NOT NULL AUTO_INCREMENT, AUTO_INCREMENT=67;
--
-- AUTO_INCREMENT for table `cad_ingressos`
--
ALTER TABLE `cad_ingressos`
  MODIFY `id_ingresso` int(11) NOT NULL AUTO_INCREMENT, AUTO_INCREMENT=33;
--
-- AUTO_INCREMENT for table `cad_item_grupo`
--
ALTER TABLE `cad_item_grupo`
  MODIFY `id_item_grupo` int(11) NOT NULL AUTO_INCREMENT, AUTO_INCREMENT=30;
--
-- AUTO_INCREMENT for table `cad_lances`
--
ALTER TABLE `cad_lances`
  MODIFY `id_lances` int(11) NOT NULL AUTO_INCREMENT, AUTO_INCREMENT=286;
--
-- AUTO_INCREMENT for table `cad_leilao`
--
ALTER TABLE `cad_leilao`
  MODIFY `id_leilao` int(11) NOT NULL AUTO_INCREMENT, AUTO_INCREMENT=72;
--
-- AUTO_INCREMENT for table `cad_notificacao`
--
ALTER TABLE `cad_notificacao`
  MODIFY `id_notificacao` int(11) NOT NULL AUTO_INCREMENT, AUTO_INCREMENT=101;
--
-- AUTO_INCREMENT for table `cad_produtos`
--
ALTER TABLE `cad_produtos`
  MODIFY `id_produto` int(11) NOT NULL AUTO_INCREMENT, AUTO_INCREMENT=41;
--
-- AUTO_INCREMENT for table `cad_tokens`
--
ALTER TABLE `cad_tokens`
  MODIFY `id_token` int(11) NOT NULL AUTO_INCREMENT, AUTO_INCREMENT=17;
--
-- AUTO_INCREMENT for table `compra_ingresso`
--
ALTER TABLE `compra_ingresso`
  MODIFY `id_compra_ingresso` int(11) NOT NULL AUTO_INCREMENT, AUTO_INCREMENT=33;
--
-- AUTO_INCREMENT for table `hist_compra_pacotes`
--
ALTER TABLE `hist_compra_pacotes`
  MODIFY `id_hist_compra_pacotes` int(11) NOT NULL AUTO_INCREMENT;
--
-- AUTO_INCREMENT for table `pacote_ingresso`
--
ALTER TABLE `pacote_ingresso`
  MODIFY `id_pacote_ingresso` int(11) NOT NULL AUTO_INCREMENT, AUTO_INCREMENT=10;
--
-- AUTO_INCREMENT for table `sala_leilao`
--
ALTER TABLE `sala_leilao`
  MODIFY `id_sala_leilao` int(11) NOT NULL AUTO_INCREMENT, AUTO_INCREMENT=158;
--
-- AUTO_INCREMENT for table `seg_aplicacao`
--
ALTER TABLE `seg_aplicacao`
  MODIFY `id_aplicacao` int(11) NOT NULL AUTO_INCREMENT, AUTO_INCREMENT=31;
--
-- AUTO_INCREMENT for table `seg_aplicacoes_grupos`
--
ALTER TABLE `seg_aplicacoes_grupos`
  MODIFY `id_aplicacoes_grupos` int(11) NOT NULL AUTO_INCREMENT, AUTO_INCREMENT=23;
--
-- AUTO_INCREMENT for table `seg_aplicacoes_menu`
--
ALTER TABLE `seg_aplicacoes_menu`
  MODIFY `id_aplicacoes_menu` int(11) NOT NULL AUTO_INCREMENT, AUTO_INCREMENT=23;
--
-- AUTO_INCREMENT for table `seg_controllers`
--
ALTER TABLE `seg_controllers`
  MODIFY `id_controller` int(11) NOT NULL AUTO_INCREMENT, AUTO_INCREMENT=10;
--
-- AUTO_INCREMENT for table `seg_grupos`
--
ALTER TABLE `seg_grupos`
  MODIFY `id_grupo` int(11) NOT NULL AUTO_INCREMENT COMMENT 'ID Grupo', AUTO_INCREMENT=4;
--
-- AUTO_INCREMENT for table `seg_log_acesso`
--
ALTER TABLE `seg_log_acesso`
  MODIFY `id_log_acesso` int(11) NOT NULL AUTO_INCREMENT, AUTO_INCREMENT=125;
--
-- AUTO_INCREMENT for table `seg_log_edicao`
--
ALTER TABLE `seg_log_edicao`
  MODIFY `id_log_edicao` int(11) NOT NULL AUTO_INCREMENT, AUTO_INCREMENT=114;
--
-- AUTO_INCREMENT for table `seg_log_erro`
--
ALTER TABLE `seg_log_erro`
  MODIFY `id_log_erro` int(11) NOT NULL AUTO_INCREMENT, AUTO_INCREMENT=16;
--
-- AUTO_INCREMENT for table `seg_log_navegacao`
--
ALTER TABLE `seg_log_navegacao`
  MODIFY `id_log_navegacao` int(11) NOT NULL AUTO_INCREMENT, AUTO_INCREMENT=707;
--
-- AUTO_INCREMENT for table `seg_menu`
--
ALTER TABLE `seg_menu`
  MODIFY `id_menu` int(11) NOT NULL AUTO_INCREMENT, AUTO_INCREMENT=28;
--
-- AUTO_INCREMENT for table `seg_models`
--
ALTER TABLE `seg_models`
  MODIFY `id_model` int(11) NOT NULL AUTO_INCREMENT, AUTO_INCREMENT=11;
--
-- AUTO_INCREMENT for table `seg_usuarios`
--
ALTER TABLE `seg_usuarios`
  MODIFY `id_usuario` int(11) NOT NULL AUTO_INCREMENT COMMENT 'ID Usuário', AUTO_INCREMENT=22;
--
-- AUTO_INCREMENT for table `status_leilao`
--
ALTER TABLE `status_leilao`
  MODIFY `id_status_leilao` int(11) NOT NULL AUTO_INCREMENT, AUTO_INCREMENT=5;
--
-- Constraints for dumped tables
--

--
-- Limitadores para a tabela `cad_avaliacoes`
--
ALTER TABLE `cad_avaliacoes`
  ADD CONSTRAINT `cad_avaliacoes_ibfk_1` FOREIGN KEY (`fk_leiloeiro`) REFERENCES `seg_usuarios` (`id_usuario`),
  ADD CONSTRAINT `cad_avaliacoes_ibfk_2` FOREIGN KEY (`fk_leilao`) REFERENCES `cad_leilao` (`id_leilao`),
  ADD CONSTRAINT `cad_avaliacoes_ibfk_3` FOREIGN KEY (`fk_cliente`) REFERENCES `seg_usuarios` (`id_usuario`);

--
-- Limitadores para a tabela `cad_categorias`
--
ALTER TABLE `cad_categorias`
  ADD CONSTRAINT `cad_categorias_ibfk_1` FOREIGN KEY (`fk_categoria_pai`) REFERENCES `cad_categorias` (`id_categoria`);

--
-- Limitadores para a tabela `cad_compra_pacotes`
--
ALTER TABLE `cad_compra_pacotes`
  ADD CONSTRAINT `cad_compra_pacotes_ibfk_1` FOREIGN KEY (`fk_usuario`) REFERENCES `seg_usuarios` (`id_usuario`),
  ADD CONSTRAINT `cad_compra_pacotes_ibfk_2` FOREIGN KEY (`fk_pacote`) REFERENCES `pacote_ingresso` (`id_pacote_ingresso`);

--
-- Limitadores para a tabela `cad_compra_recompensa`
--
ALTER TABLE `cad_compra_recompensa`
  ADD CONSTRAINT `cad_compra_recompensa_ibfk_1` FOREIGN KEY (`fk_produto`) REFERENCES `cad_produtos` (`id_produto`),
  ADD CONSTRAINT `cad_compra_recompensa_ibfk_2` FOREIGN KEY (`fk_usuario`) REFERENCES `seg_usuarios` (`id_usuario`);

--
-- Limitadores para a tabela `cad_creditos`
--
ALTER TABLE `cad_creditos`
  ADD CONSTRAINT `cad_creditos_ibfk_1` FOREIGN KEY (`fk_usuario`) REFERENCES `seg_usuarios` (`id_usuario`);

--
-- Limitadores para a tabela `cad_favoritos`
--
ALTER TABLE `cad_favoritos`
  ADD CONSTRAINT `cad_favoritos_ibfk_1` FOREIGN KEY (`fk_leilao`) REFERENCES `cad_leilao` (`id_leilao`),
  ADD CONSTRAINT `cad_favoritos_ibfk_2` FOREIGN KEY (`fk_usuario`) REFERENCES `seg_usuarios` (`id_usuario`);

--
-- Limitadores para a tabela `cad_hist_notificacao`
--
ALTER TABLE `cad_hist_notificacao`
  ADD CONSTRAINT `cad_hist_notificacao_ibfk_1` FOREIGN KEY (`fk_notificacao`) REFERENCES `cad_notificacao` (`id_notificacao`),
  ADD CONSTRAINT `cad_hist_notificacao_ibfk_2` FOREIGN KEY (`fk_usuario_destino`) REFERENCES `seg_usuarios` (`id_usuario`);

--
-- Limitadores para a tabela `cad_ingressos`
--
ALTER TABLE `cad_ingressos`
  ADD CONSTRAINT `cad_ingressos_ibfk_1` FOREIGN KEY (`fk_usuario`) REFERENCES `seg_usuarios` (`id_usuario`);

--
-- Limitadores para a tabela `cad_item_grupo`
--
ALTER TABLE `cad_item_grupo`
  ADD CONSTRAINT `cad_item_grupo_ibfk_1` FOREIGN KEY (`fk_grupo`) REFERENCES `cad_grupos` (`id_grupo`);

--
-- Limitadores para a tabela `cad_lances`
--
ALTER TABLE `cad_lances`
  ADD CONSTRAINT `cad_lances_ibfk_1` FOREIGN KEY (`fk_sala_leilao`) REFERENCES `sala_leilao` (`id_sala_leilao`);

--
-- Limitadores para a tabela `cad_leilao`
--
ALTER TABLE `cad_leilao`
  ADD CONSTRAINT `cad_leilao_ibfk_1` FOREIGN KEY (`fk_produto`) REFERENCES `cad_produtos` (`id_produto`),
  ADD CONSTRAINT `cad_leilao_ibfk_2` FOREIGN KEY (`status_leilao`) REFERENCES `status_leilao` (`id_status_leilao`),
  ADD CONSTRAINT `cad_leilao_ibfk_3` FOREIGN KEY (`fk_usuario_arrematou`) REFERENCES `seg_usuarios` (`id_usuario`);

--
-- Limitadores para a tabela `cad_notificacao`
--
ALTER TABLE `cad_notificacao`
  ADD CONSTRAINT `cad_notificacao_ibfk_1` FOREIGN KEY (`fk_usuario`) REFERENCES `seg_usuarios` (`id_usuario`);

--
-- Limitadores para a tabela `cad_produtos`
--
ALTER TABLE `cad_produtos`
  ADD CONSTRAINT `cad_produtos_ibfk_1` FOREIGN KEY (`fk_categoria`) REFERENCES `cad_categorias` (`id_categoria`),
  ADD CONSTRAINT `cad_produtos_ibfk_2` FOREIGN KEY (`fk_usuario`) REFERENCES `seg_usuarios` (`id_usuario`);

--
-- Limitadores para a tabela `cad_tokens`
--
ALTER TABLE `cad_tokens`
  ADD CONSTRAINT `cad_tokens_ibfk_1` FOREIGN KEY (`fk_usuario`) REFERENCES `seg_usuarios` (`id_usuario`);

--
-- Limitadores para a tabela `compra_ingresso`
--
ALTER TABLE `compra_ingresso`
  ADD CONSTRAINT `compra_ingresso_ibfk_1` FOREIGN KEY (`fk_ingresso`) REFERENCES `cad_ingressos` (`id_ingresso`),
  ADD CONSTRAINT `compra_ingresso_ibfk_2` FOREIGN KEY (`fk_pacote`) REFERENCES `pacote_ingresso` (`id_pacote_ingresso`);

--
-- Limitadores para a tabela `hist_compra_pacotes`
--
ALTER TABLE `hist_compra_pacotes`
  ADD CONSTRAINT `hist_compra_pacotes_ibfk_1` FOREIGN KEY (`fk_compra_pacotes`) REFERENCES `cad_compra_pacotes` (`id`);

--
-- Limitadores para a tabela `sala_leilao`
--
ALTER TABLE `sala_leilao`
  ADD CONSTRAINT `sala_leilao_ibfk_1` FOREIGN KEY (`fk_leilao`) REFERENCES `cad_leilao` (`id_leilao`),
  ADD CONSTRAINT `sala_leilao_ibfk_2` FOREIGN KEY (`fk_usuario`) REFERENCES `seg_usuarios` (`id_usuario`);

--
-- Limitadores para a tabela `seg_aplicacao`
--
ALTER TABLE `seg_aplicacao`
  ADD CONSTRAINT `seg_aplicacao_ibfk_1` FOREIGN KEY (`fk_controller`) REFERENCES `seg_controllers` (`id_controller`);

--
-- Limitadores para a tabela `seg_aplicacoes_grupos`
--
ALTER TABLE `seg_aplicacoes_grupos`
  ADD CONSTRAINT `seg_aplicacoes_grupos_ibfk_1` FOREIGN KEY (`fk_aplicacao`) REFERENCES `seg_aplicacao` (`id_aplicacao`),
  ADD CONSTRAINT `seg_aplicacoes_grupos_ibfk_2` FOREIGN KEY (`fk_grupo`) REFERENCES `seg_grupos` (`id_grupo`);

--
-- Limitadores para a tabela `seg_aplicacoes_menu`
--
ALTER TABLE `seg_aplicacoes_menu`
  ADD CONSTRAINT `seg_aplicacoes_menu_ibfk_1` FOREIGN KEY (`fk_aplicacao`) REFERENCES `seg_aplicacao` (`id_aplicacao`),
  ADD CONSTRAINT `seg_aplicacoes_menu_ibfk_2` FOREIGN KEY (`fk_menu`) REFERENCES `seg_menu` (`id_menu`);

--
-- Limitadores para a tabela `seg_controllers`
--
ALTER TABLE `seg_controllers`
  ADD CONSTRAINT `seg_controllers_ibfk_1` FOREIGN KEY (`fk_model`) REFERENCES `seg_models` (`id_model`);

--
-- Limitadores para a tabela `seg_grupos`
--
ALTER TABLE `seg_grupos`
  ADD CONSTRAINT `seg_grupos_ibfk_1` FOREIGN KEY (`usuario_criou_grupo`) REFERENCES `seg_usuarios` (`id_usuario`);

--
-- Limitadores para a tabela `seg_log_acesso`
--
ALTER TABLE `seg_log_acesso`
  ADD CONSTRAINT `seg_log_acesso_ibfk_1` FOREIGN KEY (`fk_usuario`) REFERENCES `seg_usuarios` (`id_usuario`);

--
-- Limitadores para a tabela `seg_log_edicao`
--
ALTER TABLE `seg_log_edicao`
  ADD CONSTRAINT `seg_log_edicao_ibfk_1` FOREIGN KEY (`fk_usuario`) REFERENCES `seg_usuarios` (`id_usuario`),
  ADD CONSTRAINT `seg_log_edicao_ibfk_2` FOREIGN KEY (`fk_aplicacao`) REFERENCES `seg_aplicacao` (`id_aplicacao`);

--
-- Limitadores para a tabela `seg_log_erro`
--
ALTER TABLE `seg_log_erro`
  ADD CONSTRAINT `seg_log_erro_ibfk_1` FOREIGN KEY (`fk_usuario`) REFERENCES `seg_usuarios` (`id_usuario`);

--
-- Limitadores para a tabela `seg_log_navegacao`
--
ALTER TABLE `seg_log_navegacao`
  ADD CONSTRAINT `seg_log_navegacao_ibfk_1` FOREIGN KEY (`fk_usuario`) REFERENCES `seg_usuarios` (`id_usuario`),
  ADD CONSTRAINT `seg_log_navegacao_ibfk_2` FOREIGN KEY (`fk_aplicacao`) REFERENCES `seg_aplicacao` (`id_aplicacao`);

--
-- Limitadores para a tabela `seg_menu`
--
ALTER TABLE `seg_menu`
  ADD CONSTRAINT `seg_menu_ibfk_1` FOREIGN KEY (`menu_acima`) REFERENCES `seg_menu` (`id_menu`);

--
-- Limitadores para a tabela `seg_usuarios`
--
ALTER TABLE `seg_usuarios`
  ADD CONSTRAINT `seg_usuarios_ibfk_1` FOREIGN KEY (`usuario_criou_usuario`) REFERENCES `seg_usuarios` (`id_usuario`),
  ADD CONSTRAINT `seg_usuarios_ibfk_2` FOREIGN KEY (`estado_usuario`) REFERENCES `cad_item_grupo` (`id_item_grupo`),
  ADD CONSTRAINT `seg_usuarios_ibfk_3` FOREIGN KEY (`fk_grupo_usuario`) REFERENCES `seg_grupos` (`id_grupo`);

/*!40101 SET CHARACTER_SET_CLIENT=@OLD_CHARACTER_SET_CLIENT */;
/*!40101 SET CHARACTER_SET_RESULTS=@OLD_CHARACTER_SET_RESULTS */;
/*!40101 SET COLLATION_CONNECTION=@OLD_COLLATION_CONNECTION */;
